tourney_name,surface,winner_name,loser_name,score,round
Paris Masters,Hard,Ilya Ivashka,Albert Ramos,6-3 7-6(2),R64
Paris Masters,Hard,Marin Cilic,Alejandro Davidovich Fokina,6-3 6-4,R64
Paris Masters,Hard,Sebastian Korda,Aslan Karatsev,6-2 6-7(9) 7-6(5),R64
Paris Masters,Hard,Pablo Carreno Busta,Benoit Paire,6-3 6-4,R64
Paris Masters,Hard,Hugo Gaston,Arthur Rinderknech,4-6 6-4 6-3,R64
Paris Masters,Hard,Carlos Alcaraz,Pierre Hugues Herbert,6-7(4) 7-6(2) 7-5,R64
Paris Masters,Hard,Dusan Lajovic,Mackenzie Mcdonald,6-3 6-4,R64
Paris Masters,Hard,Karen Khachanov,Mikael Ymer,6-4 7-5,R64
Paris Masters,Hard,Grigor Dimitrov,Richard Gasquet,6-1 4-6 6-2,R64
Paris Masters,Hard,Diego Schwartzman,John Millman,7-6(2) 5-7 6-2,R64
Paris Masters,Hard,Marcos Giron,Frances Tiafoe,6-7(5) 6-4 6-3,R64
Paris Masters,Hard,Alexander Bublik,Daniel Evans,2-6 7-5 7-5,R64
Paris Masters,Hard,Tommy Paul,Jan Lennard Struff,6-3 6-4,R64
Paris Masters,Hard,Dominik Koepfer,Andy Murray,6-4 5-7 7-6(9),R64
Paris Masters,Hard,Felix Auger Aliassime,Gianluca Mager,4-6 6-4 6-1,R64
Paris Masters,Hard,James Duckworth,Roberto Bautista Agut,6-4 5-7 7-6(4),R64
Paris Masters,Hard,Lorenzo Musetti,Laslo Djere,4-6 7-6(5) 6-4,R64
Paris Masters,Hard,Alexei Popyrin,Alex De Minaur,6-0 6-3,R64
Paris Masters,Hard,Taylor Fritz,Lorenzo Sonego,3-6 6-2 6-3,R64
Paris Masters,Hard,Reilly Opelka,Filip Krajinovic,6-3 7-6(4),R64
Paris Masters,Hard,Cameron Norrie,Federico Delbonis,6-2 6-1,R64
Paris Masters,Hard,Gael Monfils,Miomir Kecmanovic,4-6 7-5 6-3,R64
Paris Masters,Hard,Adrian Mannarino,Nikoloz Basilashvili,6-2 6-4,R64
Paris Masters,Hard,Marton Fucsovics,Fabio Fognini,6-1 6-7(6) 7-6(5),R64
Paris Masters,Hard,Daniil Medvedev,Ilya Ivashka,7-5 6-4,R32
Paris Masters,Hard,Sebastian Korda,Marin Cilic,6-2 6-4,R32
Paris Masters,Hard,Hugo Gaston,Pablo Carreno Busta,6-7(3) 6-4 7-5,R32
Paris Masters,Hard,Carlos Alcaraz,Jannik Sinner,7-6(1) 7-5,R32
Paris Masters,Hard,Alexander Zverev,Dusan Lajovic,6-3 7-6(5),R32
Paris Masters,Hard,Grigor Dimitrov,Karen Khachanov,4-6 6-2 6-0,R32
Paris Masters,Hard,Marcos Giron,Diego Schwartzman,7-6(2) 7-6(4),R32
Paris Masters,Hard,Casper Ruud,Alexander Bublik,6-4 6-0,R32
Paris Masters,Hard,Hubert Hurkacz,Tommy Paul,7-5 7-6(4),R32
Paris Masters,Hard,Dominik Koepfer,Felix Auger Aliassime,6-3 7-5,R32
Paris Masters,Hard,James Duckworth,Lorenzo Musetti,6-3 3-6 6-3,R32
Paris Masters,Hard,Alexei Popyrin,Stefanos Tsitsipas,4-2 RET,R32
Paris Masters,Hard,Taylor Fritz,Andrey Rublev,7-5 7-6(2),R32
Paris Masters,Hard,Cameron Norrie,Reilly Opelka,6-3 6-4,R32
Paris Masters,Hard,Gael Monfils,Adrian Mannarino,2-6 7-6(4) 6-2,R32
Paris Masters,Hard,Novak Djokovic,Marton Fucsovics,6-2 4-6 6-3,R32
Paris Masters,Hard,Daniil Medvedev,Sebastian Korda,4-6 6-1 6-3,R16
Paris Masters,Hard,Hugo Gaston,Carlos Alcaraz,6-4 7-5,R16
Paris Masters,Hard,Alexander Zverev,Grigor Dimitrov,7-6(4) 6-7(3) 6-3,R16
Paris Masters,Hard,Casper Ruud,Marcos Giron,6-2 6-1,R16
Paris Masters,Hard,Hubert Hurkacz,Dominik Koepfer,4-6 7-5 6-2,R16
Paris Masters,Hard,James Duckworth,Alexei Popyrin,7-6(6) 6-4,R16
Paris Masters,Hard,Taylor Fritz,Cameron Norrie,6-3 7-6(3),R16
Paris Masters,Hard,Novak Djokovic,Gael Monfils,W/O,R16
Paris Masters,Hard,Daniil Medvedev,Hugo Gaston,7-6(7) 6-4,QF
Paris Masters,Hard,Alexander Zverev,Casper Ruud,7-5 6-4,QF
Paris Masters,Hard,Hubert Hurkacz,James Duckworth,6-2 6-7(4) 7-5,QF
Paris Masters,Hard,Novak Djokovic,Taylor Fritz,6-4 6-3,QF
Paris Masters,Hard,Daniil Medvedev,Alexander Zverev,6-2 6-2,SF
Paris Masters,Hard,Novak Djokovic,Hubert Hurkacz,3-6 6-0 7-6(5),SF
Paris Masters,Hard,Novak Djokovic,Daniil Medvedev,4-6 6-3 6-3,F
Miami Masters,Hard,Damir Dzumhur,Kevin Anderson,7-6(6) 7-5,R128
Miami Masters,Hard,Aljaz Bedene,Thomas Fabbiano,7-6(5) 1-6 6-3,R128
Miami Masters,Hard,Bjorn Fratangelo,Fernando Verdasco,6-4 6-4,R128
Miami Masters,Hard,Daniel Elahi Galan,Thiago Seyboth Wild,6-3 6-4,R128
Miami Masters,Hard,Jordan Thompson,Federico Delbonis,7-6(6) 6-4,R128
Miami Masters,Hard,Joao Sousa,Christopher Oconnell,7-6(6) 6-7(8) 7-5,R128
Miami Masters,Hard,Denis Kudla,Jeremy Chardy,3-6 6-3 6-4,R128
Miami Masters,Hard,Ilya Ivashka,Soon Woo Kwon,7-6(4) 6-7(4) 7-6(3),R128
Miami Masters,Hard,Tennys Sandgren,Pedro Martinez,6-4 2-0 RET,R128
Miami Masters,Hard,Thanasi Kokkinakis,Shintaro Mochizuki,6-3 6-3,R128
Miami Masters,Hard,Lorenzo Musetti,Michael Mmoh,6-4 6-4,R128
Miami Masters,Hard,Marin Cilic,Federico Coria,6-3 2-6 6-4,R128
Miami Masters,Hard,Sebastian Korda,Radu Albot,6-3 6-0,R128
Miami Masters,Hard,Mikhail Kukushkin,Jack Draper,7-5 0-0 RET,R128
Miami Masters,Hard,Miomir Kecmanovic,Liam Broady,7-5 6-7(5) 6-1,R128
Miami Masters,Hard,Yasutaka Uchiyama,Salvatore Caruso,6-3 6-4,R128
Miami Masters,Hard,James Duckworth,Mischa Zverev,6-2 4-6 6-4,R128
Miami Masters,Hard,Laslo Djere,Jiri Vesely,6-3 5-7 6-1,R128
Miami Masters,Hard,Marcos Giron,Tommy Paul,7-6(5) 6-4,R128
Miami Masters,Hard,Cameron Norrie,Yoshihito Nishioka,6-1 3-6 7-5,R128
Miami Masters,Hard,Yannick Hanfmann,Steve Johnson,7-5 6-2,R128
Miami Masters,Hard,Hugo Gaston,Dominik Koepfer,6-1 6-4,R128
Miami Masters,Hard,Mikael Ymer,Alejandro Tabilo,6-3 6-1,R128
Miami Masters,Hard,Emil Ruusuvuori,Carlos Alcaraz,6-4 2-6 7-5,R128
Miami Masters,Hard,Lloyd Harris,Emilio Nava,6-4 7-6(7),R128
Miami Masters,Hard,Ricardas Berankis,Federico Gaio,7-6(4) 6-2,R128
Miami Masters,Hard,Mackenzie Mcdonald,Vasek Pospisil,6-3 4-6 6-3,R128
Miami Masters,Hard,Pierre Hugues Herbert,Pedro Sousa,6-1 6-3,R128
Miami Masters,Hard,Ernesto Escobedo,Paolo Lorenzi,6-3 6-2,R128
Miami Masters,Hard,Frances Tiafoe,Stefano Travaglia,5-7 6-4 6-2,R128
Miami Masters,Hard,Alexei Popyrin,Feliciano Lopez,6-4 7-6(4),R128
Miami Masters,Hard,Yen Hsun Lu,Sam Querrey,6-3 6-4,R128
Miami Masters,Hard,Stefanos Tsitsipas,Damir Dzumhur,6-1 6-4,R64
Miami Masters,Hard,Kei Nishikori,Aljaz Bedene,7-6(6) 5-7 6-4,R64
Miami Masters,Hard,Lorenzo Sonego,Bjorn Fratangelo,6-4 7-6(5),R64
Miami Masters,Hard,Daniel Elahi Galan,Alex De Minaur,4-6 6-3 6-4,R64
Miami Masters,Hard,Milos Raonic,Jordan Thompson,6-2 6-1,R64
Miami Masters,Hard,Ugo Humbert,Joao Sousa,6-1 6-4,R64
Miami Masters,Hard,Hubert Hurkacz,Denis Kudla,7-6(5) 6-4,R64
Miami Masters,Hard,Denis Shapovalov,Ilya Ivashka,6-7(5) 6-4 6-4,R64
Miami Masters,Hard,Andrey Rublev,Tennys Sandgren,6-1 6-2,R64
Miami Masters,Hard,Marton Fucsovics,Thanasi Kokkinakis,7-6(3) 6-7(4) 6-4,R64
Miami Masters,Hard,Lorenzo Musetti,Benoit Paire,6-3 6-3,R64
Miami Masters,Hard,Marin Cilic,Cristian Garin,3-6 7-5 7-6(5),R64
Miami Masters,Hard,Sebastian Korda,Fabio Fognini,1-6 6-4 6-2,R64
Miami Masters,Hard,Aslan Karatsev,Mikhail Kukushkin,6-4 6-3,R64
Miami Masters,Hard,Adrian Mannarino,Miomir Kecmanovic,6-3 6-4,R64
Miami Masters,Hard,Diego Schwartzman,Yasutaka Uchiyama,6-3 6-3,R64
Miami Masters,Hard,James Duckworth,David Goffin,6-3 6-1,R64
Miami Masters,Hard,Alexander Bublik,Laslo Djere,6-3 6-4,R64
Miami Masters,Hard,Taylor Fritz,Marcos Giron,6-2 6-2,R64
Miami Masters,Hard,Cameron Norrie,Grigor Dimitrov,7-5 7-5,R64
Miami Masters,Hard,Karen Khachanov,Yannick Hanfmann,6-3 6-2,R64
Miami Masters,Hard,Jannik Sinner,Hugo Gaston,6-2 6-2,R64
Miami Masters,Hard,Mikael Ymer,Nikoloz Basilashvili,6-3 4-6 6-4,R64
Miami Masters,Hard,Emil Ruusuvuori,Alexander Zverev,1-6 6-3 6-1,R64
Miami Masters,Hard,Roberto Bautista Agut,Lloyd Harris,W/O,R64
Miami Masters,Hard,Jan Lennard Struff,Ricardas Berankis,6-3 6-4,R64
Miami Masters,Hard,John Isner,Mackenzie Mcdonald,2-6 6-3 7-5,R64
Miami Masters,Hard,Felix Auger Aliassime,Pierre Hugues Herbert,6-4 6-4,R64
Miami Masters,Hard,Dusan Lajovic,Ernesto Escobedo,6-2 6-3,R64
Miami Masters,Hard,Frances Tiafoe,Daniel Evans,6-7(5) 6-3 6-3,R64
Miami Masters,Hard,Alexei Popyrin,Reilly Opelka,6-4 6-2,R64
Miami Masters,Hard,Daniil Medvedev,Yen Hsun Lu,6-2 6-2,R64
Miami Masters,Hard,Stefanos Tsitsipas,Kei Nishikori,6-3 3-6 6-1,R32
Miami Masters,Hard,Lorenzo Sonego,Daniel Elahi Galan,7-6(6) 6-3,R32
Miami Masters,Hard,Milos Raonic,Ugo Humbert,6-4 7-5,R32
Miami Masters,Hard,Hubert Hurkacz,Denis Shapovalov,6-3 7-6(6),R32
Miami Masters,Hard,Andrey Rublev,Marton Fucsovics,6-2 6-1,R32
Miami Masters,Hard,Marin Cilic,Lorenzo Musetti,6-3 6-4,R32
Miami Masters,Hard,Sebastian Korda,Aslan Karatsev,6-3 6-0,R32
Miami Masters,Hard,Diego Schwartzman,Adrian Mannarino,6-1 6-4,R32
Miami Masters,Hard,Alexander Bublik,James Duckworth,6-4 6-4,R32
Miami Masters,Hard,Taylor Fritz,Cameron Norrie,6-4 3-6 6-1,R32
Miami Masters,Hard,Jannik Sinner,Karen Khachanov,4-6 7-6(2) 6-4,R32
Miami Masters,Hard,Emil Ruusuvuori,Mikael Ymer,4-6 6-1 7-5,R32
Miami Masters,Hard,Roberto Bautista Agut,Jan Lennard Struff,4-6 6-3 6-2,R32
Miami Masters,Hard,John Isner,Felix Auger Aliassime,7-6(5) 7-6(5),R32
Miami Masters,Hard,Frances Tiafoe,Dusan Lajovic,1-6 7-5 6-3,R32
Miami Masters,Hard,Daniil Medvedev,Alexei Popyrin,7-6(3) 6-7(7) 6-4,R32
Miami Masters,Hard,Stefanos Tsitsipas,Lorenzo Sonego,6-2 7-6(2),R16
Miami Masters,Hard,Hubert Hurkacz,Milos Raonic,4-6 6-3 7-6(4),R16
Miami Masters,Hard,Andrey Rublev,Marin Cilic,6-4 6-4,R16
Miami Masters,Hard,Sebastian Korda,Diego Schwartzman,6-3 4-6 7-5,R16
Miami Masters,Hard,Alexander Bublik,Taylor Fritz,6-7(5) 6-3 6-4,R16
Miami Masters,Hard,Jannik Sinner,Emil Ruusuvuori,6-3 6-2,R16
Miami Masters,Hard,Roberto Bautista Agut,John Isner,6-3 4-6 7-6(7),R16
Miami Masters,Hard,Daniil Medvedev,Frances Tiafoe,6-4 6-3,R16
Miami Masters,Hard,Hubert Hurkacz,Stefanos Tsitsipas,2-6 6-3 6-4,QF
Miami Masters,Hard,Andrey Rublev,Sebastian Korda,7-5 7-6(7),QF
Miami Masters,Hard,Jannik Sinner,Alexander Bublik,7-6(5) 6-4,QF
Miami Masters,Hard,Roberto Bautista Agut,Daniil Medvedev,6-4 6-2,QF
Miami Masters,Hard,Hubert Hurkacz,Andrey Rublev,6-3 6-4,SF
Miami Masters,Hard,Jannik Sinner,Roberto Bautista Agut,5-7 6-4 6-4,SF
Miami Masters,Hard,Hubert Hurkacz,Jannik Sinner,7-6(4) 6-4,F
Indian Wells Masters,Hard,Pedro Martinez,Roberto Marcora,6-4 6-0,R128
Indian Wells Masters,Hard,Jan Lennard Struff,Daniel Elahi Galan,7-6(4) 6-3,R128
Indian Wells Masters,Hard,Aleksandar Vukic,Pablo Andujar,7-5 6-4,R128
Indian Wells Masters,Hard,Ernesto Escobedo,Holger Rune,6-4 6-1,R128
Indian Wells Masters,Hard,Emilio Gomez,Facundo Bagnis,6-3 6-1,R128
Indian Wells Masters,Hard,Emil Ruusuvuori,Dominik Koepfer,6-7(3) 6-2 6-0,R128
Indian Wells Masters,Hard,Christopher Eubanks,Egor Gerasimov,6-3 6-3,R128
Indian Wells Masters,Hard,Albert Ramos,Lorenzo Musetti,6-1 6-3,R128
Indian Wells Masters,Hard,Jenson Brooksby,Cem Ilkel,7-6(5) 6-4,R128
Indian Wells Masters,Hard,Andy Murray,Adrian Mannarino,6-3 6-2,R128
Indian Wells Masters,Hard,Kevin Anderson,Jordan Thompson,7-5 6-2,R128
Indian Wells Masters,Hard,Gianluca Mager,Marton Fucsovics,1-6 6-3 6-2,R128
Indian Wells Masters,Hard,John Millman,Jack Sock,7-5 4-6 6-3,R128
Indian Wells Masters,Hard,Yoshihito Nishioka,Federico Delbonis,6-3 3-6 7-6(2),R128
Indian Wells Masters,Hard,Brandon Nakashima,Federico Coria,6-3 6-2,R128
Indian Wells Masters,Hard,Alejandro Tabilo,Denis Kudla,6-1 7-6(0),R128
Indian Wells Masters,Hard,Roberto Carballes Baena,Renzo Olivo,7-5 7-5,R128
Indian Wells Masters,Hard,Alejandro Davidovich Fokina,Steve Johnson,6-7(5) 6-3 7-5,R128
Indian Wells Masters,Hard,Kei Nishikori,Joao Sousa,6-7(5) 6-3 6-2,R128
Indian Wells Masters,Hard,Maxime Cressy,Laslo Djere,6-7(3) 6-1 7-5,R128
Indian Wells Masters,Hard,Guido Pella,Soon Woo Kwon,1-6 6-3 6-4,R128
Indian Wells Masters,Hard,Tennys Sandgren,Thiago Monteiro,6-4 6-3,R128
Indian Wells Masters,Hard,Tommy Paul,Feliciano Lopez,6-3 7-6(3),R128
Indian Wells Masters,Hard,Carlos Taberner,Jaume Munar,6-3 6-3,R128
Indian Wells Masters,Hard,Alexei Popyrin,Miomir Kecmanovic,6-3 7-6(4),R128
Indian Wells Masters,Hard,Frances Tiafoe,Benoit Paire,6-4 6-4,R128
Indian Wells Masters,Hard,Salvatore Caruso,Zachary Svajda,6-3 6-1,R128
Indian Wells Masters,Hard,Vasek Pospisil,J J Wolf,6-4 4-6 6-4,R128
Indian Wells Masters,Hard,Taro Daniel,Philipp Kohlschreiber,6-2 6-4,R128
Indian Wells Masters,Hard,Daniel Altmaier,Sam Querrey,6-2 6-4,R128
Indian Wells Masters,Hard,Marcos Giron,Botic Van De Zandschulp,6-7(7) 6-2 6-4,R128
Indian Wells Masters,Hard,Mackenzie Mcdonald,James Duckworth,6-3 6-3,R128
Indian Wells Masters,Hard,Stefanos Tsitsipas,Pedro Martinez,6-2 6-4,R64
Indian Wells Masters,Hard,Fabio Fognini,Jan Lennard Struff,6-4 4-6 6-3,R64
Indian Wells Masters,Hard,Alex De Minaur,Aleksandar Vukic,6-4 7-5,R64
Indian Wells Masters,Hard,Cristian Garin,Ernesto Escobedo,7-5 6-2,R64
Indian Wells Masters,Hard,Pablo Carreno Busta,Emilio Gomez,6-1 6-4,R64
Indian Wells Masters,Hard,Karen Khachanov,Emil Ruusuvuori,6-2 7-5,R64
Indian Wells Masters,Hard,Nikoloz Basilashvili,Christopher Eubanks,6-4 6-3,R64
Indian Wells Masters,Hard,Albert Ramos,Felix Auger Aliassime,6-4 6-2,R64
Indian Wells Masters,Hard,Alexander Zverev,Jenson Brooksby,6-4 3-6 6-1,R64
Indian Wells Masters,Hard,Andy Murray,Carlos Alcaraz,5-7 6-3 6-2,R64
Indian Wells Masters,Hard,Kevin Anderson,Lorenzo Sonego,7-6(7) 7-6(3),R64
Indian Wells Masters,Hard,Gael Monfils,Gianluca Mager,6-4 6-2,R64
Indian Wells Masters,Hard,Jannik Sinner,John Millman,6-2 6-2,R64
Indian Wells Masters,Hard,John Isner,Yoshihito Nishioka,6-3 6-4,R64
Indian Wells Masters,Hard,Taylor Fritz,Brandon Nakashima,6-3 6-4,R64
Indian Wells Masters,Hard,Matteo Berrettini,Alejandro Tabilo,6-4 7-5,R64
Indian Wells Masters,Hard,Casper Ruud,Roberto Carballes Baena,6-1 6-2,R64
Indian Wells Masters,Hard,Lloyd Harris,Alejandro Davidovich Fokina,6-3 6-3,R64
Indian Wells Masters,Hard,Daniel Evans,Kei Nishikori,4-6 6-3 6-4,R64
Indian Wells Masters,Hard,Diego Schwartzman,Maxime Cressy,6-2 3-6 7-5,R64
Indian Wells Masters,Hard,Roberto Bautista Agut,Guido Pella,7-5 6-3,R64
Indian Wells Masters,Hard,Cameron Norrie,Tennys Sandgren,6-4 5-7 6-0,R64
Indian Wells Masters,Hard,Tommy Paul,Dusan Lajovic,6-2 6-3,R64
Indian Wells Masters,Hard,Andrey Rublev,Carlos Taberner,6-3 6-4,R64
Indian Wells Masters,Hard,Hubert Hurkacz,Alexei Popyrin,6-1 7-5,R64
Indian Wells Masters,Hard,Frances Tiafoe,Sebastian Korda,6-0 6-4,R64
Indian Wells Masters,Hard,Aslan Karatsev,Salvatore Caruso,6-0 6-2,R64
Indian Wells Masters,Hard,Denis Shapovalov,Vasek Pospisil,3-0 RET,R64
Indian Wells Masters,Hard,Reilly Opelka,Taro Daniel,7-5 6-3,R64
Indian Wells Masters,Hard,Grigor Dimitrov,Daniel Altmaier,6-4 6-2,R64
Indian Wells Masters,Hard,Filip Krajinovic,Marcos Giron,7-6(2) 7-5,R64
Indian Wells Masters,Hard,Daniil Medvedev,Mackenzie Mcdonald,6-4 6-2,R64
Indian Wells Masters,Hard,Stefanos Tsitsipas,Fabio Fognini,2-6 6-3 6-4,R32
Indian Wells Masters,Hard,Alex De Minaur,Cristian Garin,6-4 6-2,R32
Indian Wells Masters,Hard,Karen Khachanov,Pablo Carreno Busta,6-0 6-4,R32
Indian Wells Masters,Hard,Nikoloz Basilashvili,Albert Ramos,4-6 7-6(2) 6-2,R32
Indian Wells Masters,Hard,Alexander Zverev,Andy Murray,6-4 7-6(4),R32
Indian Wells Masters,Hard,Gael Monfils,Kevin Anderson,7-5 6-2,R32
Indian Wells Masters,Hard,Jannik Sinner,John Isner,W/O,R32
Indian Wells Masters,Hard,Taylor Fritz,Matteo Berrettini,6-4 6-3,R32
Indian Wells Masters,Hard,Casper Ruud,Lloyd Harris,6-7(4) 6-4 6-4,R32
Indian Wells Masters,Hard,Diego Schwartzman,Daniel Evans,5-7 6-4 6-0,R32
Indian Wells Masters,Hard,Cameron Norrie,Roberto Bautista Agut,6-4 5-7 6-3,R32
Indian Wells Masters,Hard,Tommy Paul,Andrey Rublev,6-4 3-6 7-5,R32
Indian Wells Masters,Hard,Hubert Hurkacz,Frances Tiafoe,6-3 6-2,R32
Indian Wells Masters,Hard,Aslan Karatsev,Denis Shapovalov,7-5 6-2,R32
Indian Wells Masters,Hard,Grigor Dimitrov,Reilly Opelka,6-3 6-4,R32
Indian Wells Masters,Hard,Daniil Medvedev,Filip Krajinovic,6-2 7-6(1),R32
Indian Wells Masters,Hard,Stefanos Tsitsipas,Alex De Minaur,6-7(3) 7-6(3) 6-2,R16
Indian Wells Masters,Hard,Nikoloz Basilashvili,Karen Khachanov,6-4 7-6(6),R16
Indian Wells Masters,Hard,Alexander Zverev,Gael Monfils,6-1 6-3,R16
Indian Wells Masters,Hard,Taylor Fritz,Jannik Sinner,6-4 6-3,R16
Indian Wells Masters,Hard,Diego Schwartzman,Casper Ruud,6-3 6-3,R16
Indian Wells Masters,Hard,Cameron Norrie,Tommy Paul,6-4 4-6 6-2,R16
Indian Wells Masters,Hard,Hubert Hurkacz,Aslan Karatsev,6-1 6-3,R16
Indian Wells Masters,Hard,Grigor Dimitrov,Daniil Medvedev,4-6 6-4 6-3,R16
Indian Wells Masters,Hard,Nikoloz Basilashvili,Stefanos Tsitsipas,6-4 2-6 6-4,QF
Indian Wells Masters,Hard,Taylor Fritz,Alexander Zverev,4-6 6-3 7-6(3),QF
Indian Wells Masters,Hard,Cameron Norrie,Diego Schwartzman,6-0 6-2,QF
Indian Wells Masters,Hard,Grigor Dimitrov,Hubert Hurkacz,3-6 6-4 7-6(2),QF
Indian Wells Masters,Hard,Nikoloz Basilashvili,Taylor Fritz,7-6(5) 6-3,SF
Indian Wells Masters,Hard,Cameron Norrie,Grigor Dimitrov,6-2 6-4,SF
Indian Wells Masters,Hard,Cameron Norrie,Nikoloz Basilashvili,3-6 6-4 6-1,F
Monte Carlo Masters,Clay,Filip Krajinovic,Nikoloz Basilashvili,6-1 2-0 RET,R64
Monte Carlo Masters,Clay,Jordan Thompson,Benoit Paire,6-4 6-7(3) 7-6(5),R64
Monte Carlo Masters,Clay,Fabio Fognini,Miomir Kecmanovic,6-2 7-5,R64
Monte Carlo Masters,Clay,Pablo Carreno Busta,Stefano Travaglia,7-5 7-6(4),R64
Monte Carlo Masters,Clay,Karen Khachanov,Laslo Djere,6-4 6-1,R64
Monte Carlo Masters,Clay,Casper Ruud,Holger Rune,6-2 6-1,R64
Monte Carlo Masters,Clay,Federico Delbonis,Adrian Mannarino,7-5 6-1,R64
Monte Carlo Masters,Clay,Jeremy Chardy,Alexander Bublik,6-4 0-6 7-5,R64
Monte Carlo Masters,Clay,Grigor Dimitrov,Jan Lennard Struff,6-3 6-4,R64
Monte Carlo Masters,Clay,Roberto Bautista Agut,Taylor Fritz,6-2 7-5,R64
Monte Carlo Masters,Clay,Tommy Paul,Pedro Martinez,4-1 RET,R64
Monte Carlo Masters,Clay,Salvatore Caruso,Lucas Catarina,6-7(3) 7-6(5) 6-3,R64
Monte Carlo Masters,Clay,Alejandro Davidovich Fokina,Alex De Minaur,6-4 7-6(3),R64
Monte Carlo Masters,Clay,Lucas Pouille,Guido Pella,6-3 6-4,R64
Monte Carlo Masters,Clay,Alexei Popyrin,Pablo Andujar,0-6 6-2 7-6(3),R64
Monte Carlo Masters,Clay,Cristian Garin,Felix Auger Aliassime,7-6(3) 6-1,R64
Monte Carlo Masters,Clay,John Millman,Ugo Humbert,6-3 6-3,R64
Monte Carlo Masters,Clay,Aslan Karatsev,Lorenzo Musetti,6-3 6-4,R64
Monte Carlo Masters,Clay,Lorenzo Sonego,Marton Fucsovics,6-3 6-4,R64
Monte Carlo Masters,Clay,Marco Cecchinato,Dominik Koepfer,6-4 6-3,R64
Monte Carlo Masters,Clay,David Goffin,Marin Cilic,6-4 3-6 6-0,R64
Monte Carlo Masters,Clay,Hubert Hurkacz,Thomas Fabbiano,6-3 3-6 6-3,R64
Monte Carlo Masters,Clay,Daniel Evans,Dusan Lajovic,6-3 6-7(11) 6-2,R64
Monte Carlo Masters,Clay,Jannik Sinner,Albert Ramos,6-3 6-4,R64
Monte Carlo Masters,Clay,Filip Krajinovic,Juan Ignacio Londero,6-0 6-3,R32
Monte Carlo Masters,Clay,Fabio Fognini,Jordan Thompson,6-3 6-3,R32
Monte Carlo Masters,Clay,Pablo Carreno Busta,Karen Khachanov,6-2 6-3,R32
Monte Carlo Masters,Clay,Casper Ruud,Diego Schwartzman,6-3 6-3,R32
Monte Carlo Masters,Clay,Rafael Nadal,Federico Delbonis,6-1 6-2,R32
Monte Carlo Masters,Clay,Grigor Dimitrov,Jeremy Chardy,7-6(3) 6-4,R32
Monte Carlo Masters,Clay,Roberto Bautista Agut,Tommy Paul,6-3 6-4,R32
Monte Carlo Masters,Clay,Andrey Rublev,Salvatore Caruso,6-3 6-2,R32
Monte Carlo Masters,Clay,Alejandro Davidovich Fokina,Matteo Berrettini,7-5 6-3,R32
Monte Carlo Masters,Clay,Lucas Pouille,Alexei Popyrin,7-5 2-6 6-3,R32
Monte Carlo Masters,Clay,Cristian Garin,John Millman,6-1 6-4,R32
Monte Carlo Masters,Clay,Stefanos Tsitsipas,Aslan Karatsev,6-3 6-4,R32
Monte Carlo Masters,Clay,Alexander Zverev,Lorenzo Sonego,6-3 6-3,R32
Monte Carlo Masters,Clay,David Goffin,Marco Cecchinato,6-4 6-0,R32
Monte Carlo Masters,Clay,Daniel Evans,Hubert Hurkacz,6-4 6-1,R32
Monte Carlo Masters,Clay,Novak Djokovic,Jannik Sinner,6-4 6-2,R32
Monte Carlo Masters,Clay,Fabio Fognini,Filip Krajinovic,6-2 7-6(1),R16
Monte Carlo Masters,Clay,Casper Ruud,Pablo Carreno Busta,7-6(4) 5-7 7-5,R16
Monte Carlo Masters,Clay,Rafael Nadal,Grigor Dimitrov,6-1 6-1,R16
Monte Carlo Masters,Clay,Andrey Rublev,Roberto Bautista Agut,7-6(2) 5-7 6-3,R16
Monte Carlo Masters,Clay,Alejandro Davidovich Fokina,Lucas Pouille,6-2 7-6(2),R16
Monte Carlo Masters,Clay,Stefanos Tsitsipas,Cristian Garin,6-3 6-4,R16
Monte Carlo Masters,Clay,David Goffin,Alexander Zverev,6-4 7-6(7),R16
Monte Carlo Masters,Clay,Daniel Evans,Novak Djokovic,6-4 7-5,R16
Monte Carlo Masters,Clay,Casper Ruud,Fabio Fognini,6-4 6-3,QF
Monte Carlo Masters,Clay,Andrey Rublev,Rafael Nadal,6-2 4-6 6-2,QF
Monte Carlo Masters,Clay,Stefanos Tsitsipas,Alejandro Davidovich Fokina,7-5 0-0 RET,QF
Monte Carlo Masters,Clay,Daniel Evans,David Goffin,5-7 6-3 6-4,QF
Monte Carlo Masters,Clay,Andrey Rublev,Casper Ruud,6-3 7-5,SF
Monte Carlo Masters,Clay,Stefanos Tsitsipas,Daniel Evans,6-2 6-1,SF
Monte Carlo Masters,Clay,Stefanos Tsitsipas,Andrey Rublev,6-3 6-3,F
Rome Masters,Clay,Jannik Sinner,Ugo Humbert,6-2 6-4,R64
Rome Masters,Clay,Stefano Travaglia,Benoit Paire,6-4 6-3,R64
Rome Masters,Clay,Denis Shapovalov,Kamil Majchrzak,6-1 6-3,R64
Rome Masters,Clay,Pablo Carreno Busta,Laslo Djere,4-6 6-3 6-1,R64
Rome Masters,Clay,Kei Nishikori,Fabio Fognini,6-3 6-4,R64
Rome Masters,Clay,Hugo Dellien,Adrian Mannarino,2-6 7-5 6-2,R64
Rome Masters,Clay,Aslan Karatsev,Miomir Kecmanovic,7-6(2) 6-4,R64
Rome Masters,Clay,Reilly Opelka,Richard Gasquet,6-1 7-5,R64
Rome Masters,Clay,Lorenzo Musetti,Hubert Hurkacz,6-4 2-0 RET,R64
Rome Masters,Clay,David Goffin,Salvatore Caruso,6-4 6-1,R64
Rome Masters,Clay,Federico Delbonis,Karen Khachanov,3-6 6-4 6-0,R64
Rome Masters,Clay,Felix Auger Aliassime,Filip Krajinovic,6-3 6-7(5) 6-4,R64
Rome Masters,Clay,Jan Lennard Struff,Aljaz Bedene,6-3 6-1,R64
Rome Masters,Clay,Cristian Garin,Lloyd Harris,7-5 6-2,R64
Rome Masters,Clay,Roberto Bautista Agut,Tommy Paul,6-3 6-4,R64
Rome Masters,Clay,Lorenzo Sonego,Gael Monfils,6-4 5-7 6-4,R64
Rome Masters,Clay,Gianluca Mager,Alex De Minaur,6-4 6-3,R64
Rome Masters,Clay,Marton Fucsovics,Yoshihito Nishioka,6-0 6-2,R64
Rome Masters,Clay,Marin Cilic,Alexander Bublik,4-6 6-2 6-3,R64
Rome Masters,Clay,John Millman,Dusan Lajovic,6-3 6-4,R64
Rome Masters,Clay,Matteo Berrettini,Nikoloz Basilashvili,4-6 6-2 6-4,R64
Rome Masters,Clay,Alejandro Davidovich Fokina,Grigor Dimitrov,6-4 7-6(2),R64
Rome Masters,Clay,Cameron Norrie,Roberto Carballes Baena,6-4 6-4,R64
Rome Masters,Clay,Taylor Fritz,Daniel Evans,6-3 6-2,R64
Rome Masters,Clay,Rafael Nadal,Jannik Sinner,7-5 6-4,R32
Rome Masters,Clay,Denis Shapovalov,Stefano Travaglia,7-6(2) 6-3,R32
Rome Masters,Clay,Kei Nishikori,Pablo Carreno Busta,W/O,R32
Rome Masters,Clay,Alexander Zverev,Hugo Dellien,6-2 6-2,R32
Rome Masters,Clay,Aslan Karatsev,Daniil Medvedev,6-2 6-4,R32
Rome Masters,Clay,Reilly Opelka,Lorenzo Musetti,6-4 6-4,R32
Rome Masters,Clay,Federico Delbonis,David Goffin,6-2 6-1,R32
Rome Masters,Clay,Felix Auger Aliassime,Diego Schwartzman,6-1 6-3,R32
Rome Masters,Clay,Andrey Rublev,Jan Lennard Struff,6-7(7) 6-1 6-4,R32
Rome Masters,Clay,Roberto Bautista Agut,Cristian Garin,7-6(5) 6-3,R32
Rome Masters,Clay,Lorenzo Sonego,Gianluca Mager,6-4 6-4,R32
Rome Masters,Clay,Dominic Thiem,Marton Fucsovics,3-6 7-6(5) 6-0,R32
Rome Masters,Clay,Stefanos Tsitsipas,Marin Cilic,7-5 6-2,R32
Rome Masters,Clay,Matteo Berrettini,John Millman,6-4 6-2,R32
Rome Masters,Clay,Alejandro Davidovich Fokina,Cameron Norrie,6-2 6-3,R32
Rome Masters,Clay,Novak Djokovic,Taylor Fritz,6-3 7-6(5),R32
Rome Masters,Clay,Rafael Nadal,Denis Shapovalov,3-6 6-4 7-6(3),R16
Rome Masters,Clay,Alexander Zverev,Kei Nishikori,4-6 6-3 6-4,R16
Rome Masters,Clay,Reilly Opelka,Aslan Karatsev,7-6(6) 6-4,R16
Rome Masters,Clay,Federico Delbonis,Felix Auger Aliassime,7-6(3) 6-1,R16
Rome Masters,Clay,Andrey Rublev,Roberto Bautista Agut,6-4 6-4,R16
Rome Masters,Clay,Lorenzo Sonego,Dominic Thiem,6-4 6-7(5) 7-6(5),R16
Rome Masters,Clay,Stefanos Tsitsipas,Matteo Berrettini,7-6(3) 6-2,R16
Rome Masters,Clay,Novak Djokovic,Alejandro Davidovich Fokina,6-2 6-1,R16
Rome Masters,Clay,Rafael Nadal,Alexander Zverev,6-3 6-4,QF
Rome Masters,Clay,Reilly Opelka,Federico Delbonis,7-5 7-6(2),QF
Rome Masters,Clay,Lorenzo Sonego,Andrey Rublev,3-6 6-4 6-3,QF
Rome Masters,Clay,Novak Djokovic,Stefanos Tsitsipas,4-6 7-5 7-5,QF
Rome Masters,Clay,Rafael Nadal,Reilly Opelka,6-4 6-4,SF
Rome Masters,Clay,Novak Djokovic,Lorenzo Sonego,6-3 6-7(5) 6-2,SF
Rome Masters,Clay,Rafael Nadal,Novak Djokovic,7-5 1-6 6-3,F
Canada Masters,Hard,Lloyd Harris,Brayden Schnur,6-3 6-2,R64
Canada Masters,Hard,Reilly Opelka,Nick Kyrgios,4-6 7-6(4) 6-4,R64
Canada Masters,Hard,Tommy Paul,Vasek Pospisil,6-7(5) 6-2 6-3,R64
Canada Masters,Hard,Benoit Paire,Mackenzie Mcdonald,6-3 6-4,R64
Canada Masters,Hard,Ugo Humbert,Lorenzo Sonego,6-3 6-4,R64
Canada Masters,Hard,Karen Khachanov,Cameron Norrie,6-4 5-7 6-4,R64
Canada Masters,Hard,Dusan Lajovic,Emil Ruusuvuori,3-6 6-3 6-3,R64
Canada Masters,Hard,Marin Cilic,Albert Ramos,6-2 4-6 6-3,R64
Canada Masters,Hard,Frances Tiafoe,Yoshihito Nishioka,6-4 6-3,R64
Canada Masters,Hard,John Millman,Ricardas Berankis,6-3 7-6(4),R64
Canada Masters,Hard,John Isner,Alejandro Davidovich Fokina,6-4 6-1,R64
Canada Masters,Hard,Fabio Fognini,Jan Lennard Struff,6-7(2) 6-2 6-4,R64
Canada Masters,Hard,Kei Nishikori,Miomir Kecmanovic,6-4 6-7(5) 6-2,R64
Canada Masters,Hard,Nikoloz Basilashvili,Jenson Brooksby,2-6 6-0 6-4,R64
Canada Masters,Hard,James Duckworth,Taylor Fritz,7-6(2) 6-3,R64
Canada Masters,Hard,Alexander Bublik,Daniel Evans,6-4 6-4,R64
Canada Masters,Hard,Lloyd Harris,Feliciano Lopez,6-2 6-3,R32
Canada Masters,Hard,Reilly Opelka,Grigor Dimitrov,6-3 6-4,R32
Canada Masters,Hard,Roberto Bautista Agut,Tommy Paul,6-3 6-4,R32
Canada Masters,Hard,Diego Schwartzman,Benoit Paire,7-5 6-1,R32
Canada Masters,Hard,Stefanos Tsitsipas,Ugo Humbert,6-3 6-7(13) 6-1,R32
Canada Masters,Hard,Karen Khachanov,Aslan Karatsev,7-6(7) 6-4,R32
Canada Masters,Hard,Dusan Lajovic,Felix Auger Aliassime,7-5 6-4,R32
Canada Masters,Hard,Casper Ruud,Marin Cilic,6-3 3-6 6-3,R32
Canada Masters,Hard,Frances Tiafoe,Denis Shapovalov,6-1 6-4,R32
Canada Masters,Hard,Gael Monfils,John Millman,3-6 6-3 6-4,R32
Canada Masters,Hard,John Isner,Cristian Garin,4-6 6-3 6-4,R32
Canada Masters,Hard,Andrey Rublev,Fabio Fognini,7-6(4) 6-3,R32
Canada Masters,Hard,Hubert Hurkacz,Kei Nishikori,W/O,R32
Canada Masters,Hard,Nikoloz Basilashvili,Alex De Minaur,6-1 6-1,R32
Canada Masters,Hard,James Duckworth,Jannik Sinner,6-3 6-4,R32
Canada Masters,Hard,Daniil Medvedev,Alexander Bublik,4-6 6-3 6-4,R32
Canada Masters,Hard,Reilly Opelka,Lloyd Harris,4-6 7-6(6) 7-6(4),R16
Canada Masters,Hard,Roberto Bautista Agut,Diego Schwartzman,6-3 3-6 7-5,R16
Canada Masters,Hard,Stefanos Tsitsipas,Karen Khachanov,6-3 6-2,R16
Canada Masters,Hard,Casper Ruud,Dusan Lajovic,6-4 6-3,R16
Canada Masters,Hard,Gael Monfils,Frances Tiafoe,6-1 7-6(2),R16
Canada Masters,Hard,John Isner,Andrey Rublev,7-5 7-6(5),R16
Canada Masters,Hard,Hubert Hurkacz,Nikoloz Basilashvili,6-7(7) 6-4 6-4,R16
Canada Masters,Hard,Daniil Medvedev,James Duckworth,6-2 6-4,R16
Canada Masters,Hard,Reilly Opelka,Roberto Bautista Agut,6-3 7-6(1),QF
Canada Masters,Hard,Stefanos Tsitsipas,Casper Ruud,6-1 6-4,QF
Canada Masters,Hard,John Isner,Gael Monfils,7-6(5) 6-4,QF
Canada Masters,Hard,Daniil Medvedev,Hubert Hurkacz,2-6 7-6(6) 7-6(5),QF
Canada Masters,Hard,Reilly Opelka,Stefanos Tsitsipas,6-7(2) 7-6(4) 6-4,SF
Canada Masters,Hard,Daniil Medvedev,John Isner,6-2 6-2,SF
Canada Masters,Hard,Daniil Medvedev,Reilly Opelka,6-4 6-3,F
Cincinnati Masters,Hard,Sebastian Korda,Laslo Djere,6-4 6-4,R64
Cincinnati Masters,Hard,Lorenzo Sonego,Carlos Alcaraz,6-3 7-6(6),R64
Cincinnati Masters,Hard,Tommy Paul,Cristian Garin,4-6 6-3 6-4,R64
Cincinnati Masters,Hard,Felix Auger Aliassime,Marton Fucsovics,7-6(0) 6-3,R64
Cincinnati Masters,Hard,Karen Khachanov,Kevin Anderson,6-2 6-4,R64
Cincinnati Masters,Hard,Albert Ramos,Taylor Fritz,4-6 6-4 6-4,R64
Cincinnati Masters,Hard,Lloyd Harris,Yoshihito Nishioka,6-3 6-4,R64
Cincinnati Masters,Hard,Fabio Fognini,Nikoloz Basilashvili,7-6(3) 6-3,R64
Cincinnati Masters,Hard,Guido Pella,David Goffin,6-3 6-3,R64
Cincinnati Masters,Hard,Diego Schwartzman,Daniel Evans,6-2 4-6 6-3,R64
Cincinnati Masters,Hard,Frances Tiafoe,Ugo Humbert,7-5 7-6(9),R64
Cincinnati Masters,Hard,Reilly Opelka,Corentin Moutet,7-6(3) 4-6 6-4,R64
Cincinnati Masters,Hard,Benoit Paire,Miomir Kecmanovic,5-7 6-3 6-2,R64
Cincinnati Masters,Hard,John Isner,Cameron Norrie,4-6 7-6(5) 6-4,R64
Cincinnati Masters,Hard,Jannik Sinner,Federico Delbonis,6-2 7-5,R64
Cincinnati Masters,Hard,Alex De Minaur,Filip Krajinovic,0-6 6-4 6-4,R64
Cincinnati Masters,Hard,Gael Monfils,Dusan Lajovic,7-6(0) 6-2,R64
Cincinnati Masters,Hard,Marin Cilic,Aslan Karatsev,7-5 6-3,R64
Cincinnati Masters,Hard,Dominik Koepfer,Jan Lennard Struff,7-6(2) 5-7 6-3,R64
Cincinnati Masters,Hard,Andy Murray,Richard Gasquet,6-4 6-4,R64
Cincinnati Masters,Hard,Hubert Hurkacz,Alejandro Davidovich Fokina,6-1 6-7(3) 6-1,R64
Cincinnati Masters,Hard,Grigor Dimitrov,Roberto Bautista Agut,6-3 6-4,R64
Cincinnati Masters,Hard,Alexander Bublik,Marcos Giron,3-6 6-3 7-6(5),R64
Cincinnati Masters,Hard,Mackenzie Mcdonald,Brandon Nakashima,7-5 6-2,R64
Cincinnati Masters,Hard,Stefanos Tsitsipas,Sebastian Korda,7-6(5) 6-3,R32
Cincinnati Masters,Hard,Lorenzo Sonego,Tommy Paul,7-6(9) 6-2,R32
Cincinnati Masters,Hard,Felix Auger Aliassime,Karen Khachanov,6-7(5) 6-3 6-4,R32
Cincinnati Masters,Hard,Matteo Berrettini,Albert Ramos,6-7(5) 6-3 7-5,R32
Cincinnati Masters,Hard,Alexander Zverev,Lloyd Harris,7-6(3) 6-2,R32
Cincinnati Masters,Hard,Guido Pella,Fabio Fognini,6-1 7-5,R32
Cincinnati Masters,Hard,Diego Schwartzman,Frances Tiafoe,6-1 4-6 6-4,R32
Cincinnati Masters,Hard,Casper Ruud,Reilly Opelka,6-7(5) 6-0 7-6(4),R32
Cincinnati Masters,Hard,Benoit Paire,Denis Shapovalov,6-3 4-6 7-5,R32
Cincinnati Masters,Hard,John Isner,Jannik Sinner,5-7 7-6(4) 6-4,R32
Cincinnati Masters,Hard,Gael Monfils,Alex De Minaur,6-3 7-5,R32
Cincinnati Masters,Hard,Andrey Rublev,Marin Cilic,5-7 6-3 6-1,R32
Cincinnati Masters,Hard,Pablo Carreno Busta,Dominik Koepfer,6-4 6-2,R32
Cincinnati Masters,Hard,Hubert Hurkacz,Andy Murray,7-6(4) 6-3,R32
Cincinnati Masters,Hard,Grigor Dimitrov,Alexander Bublik,6-3 7-5,R32
Cincinnati Masters,Hard,Daniil Medvedev,Mackenzie Mcdonald,6-2 6-2,R32
Cincinnati Masters,Hard,Stefanos Tsitsipas,Lorenzo Sonego,5-7 6-3 6-4,R16
Cincinnati Masters,Hard,Felix Auger Aliassime,Matteo Berrettini,6-4 6-3,R16
Cincinnati Masters,Hard,Alexander Zverev,Guido Pella,6-2 6-3,R16
Cincinnati Masters,Hard,Casper Ruud,Diego Schwartzman,6-4 6-3,R16
Cincinnati Masters,Hard,Benoit Paire,John Isner,7-6(1) 6-7(2) 6-1,R16
Cincinnati Masters,Hard,Andrey Rublev,Gael Monfils,7-6(2) 7-6(5),R16
Cincinnati Masters,Hard,Pablo Carreno Busta,Hubert Hurkacz,7-6(6) 7-6(3),R16
Cincinnati Masters,Hard,Daniil Medvedev,Grigor Dimitrov,6-3 6-3,R16
Cincinnati Masters,Hard,Stefanos Tsitsipas,Felix Auger Aliassime,6-2 5-7 6-1,QF
Cincinnati Masters,Hard,Alexander Zverev,Casper Ruud,6-1 6-3,QF
Cincinnati Masters,Hard,Andrey Rublev,Benoit Paire,6-2 3-6 6-3,QF
Cincinnati Masters,Hard,Daniil Medvedev,Pablo Carreno Busta,6-1 6-1,QF
Cincinnati Masters,Hard,Alexander Zverev,Stefanos Tsitsipas,6-4 3-6 7-6(4),SF
Cincinnati Masters,Hard,Andrey Rublev,Daniil Medvedev,2-6 6-3 6-3,SF
Cincinnati Masters,Hard,Alexander Zverev,Andrey Rublev,6-2 6-3,F
Tour Finals,Hard,Jannik Sinner,Hubert Hurkacz,6-2 6-2,RR
Tour Finals,Hard,Alexander Zverev,Hubert Hurkacz,6-2 6-4,RR
Tour Finals,Hard,Alexander Zverev,Matteo Berrettini,7-6(7) 1-0 RET,RR
Tour Finals,Hard,Daniil Medvedev,Hubert Hurkacz,6-7(5) 6-3 6-4,RR
Tour Finals,Hard,Daniil Medvedev,Jannik Sinner,6-0 6-7(5) 7-6(8),RR
Tour Finals,Hard,Daniil Medvedev,Alexander Zverev,6-3 6-7(3) 7-6(6),RR
Tour Finals,Hard,Casper Ruud,Andrey Rublev,2-6 7-5 7-6(5),RR
Tour Finals,Hard,Casper Ruud,Cameron Norrie,1-6 6-3 6-4,RR
Tour Finals,Hard,Andrey Rublev,Stefanos Tsitsipas,6-4 6-4,RR
Tour Finals,Hard,Novak Djokovic,Casper Ruud,7-6(4) 6-2,RR
Tour Finals,Hard,Novak Djokovic,Andrey Rublev,6-3 6-2,RR
Tour Finals,Hard,Novak Djokovic,Cameron Norrie,6-2 6-1,RR
Tour Finals,Hard,Daniil Medvedev,Casper Ruud,6-4 6-2,SF
Tour Finals,Hard,Alexander Zverev,Novak Djokovic,7-6(4) 4-6 6-3,SF
Tour Finals,Hard,Alexander Zverev,Daniil Medvedev,6-4 6-4,F
Madrid Masters,Clay,Alejandro Davidovich Fokina,Pierre Hugues Herbert,6-7(5) 7-6(4) 7-6(4),R64
Madrid Masters,Clay,Dominik Koepfer,Reilly Opelka,6-4 6-4,R64
Madrid Masters,Clay,Cristian Garin,Fernando Verdasco,6-1 6-4,R64
Madrid Masters,Clay,Federico Delbonis,Pablo Carreno Busta,3-6 6-4 6-3,R64
Madrid Masters,Clay,Albert Ramos,Taylor Fritz,7-5 5-7 6-4,R64
Madrid Masters,Clay,Fabio Fognini,Carlos Taberner,7-6(4) 2-6 6-3,R64
Madrid Masters,Clay,Benoit Paire,Nikoloz Basilashvili,6-4 7-5,R64
Madrid Masters,Clay,Yoshihito Nishioka,Filip Krajinovic,6-2 6-4,R64
Madrid Masters,Clay,Casper Ruud,Felix Auger Aliassime,6-1 6-4,R64
Madrid Masters,Clay,Denis Shapovalov,Dusan Lajovic,6-1 6-3,R64
Madrid Masters,Clay,Alexander Bublik,Marton Fucsovics,7-6(5) 6-3,R64
Madrid Masters,Clay,Aslan Karatsev,Ugo Humbert,7-5 6-4,R64
Madrid Masters,Clay,Tommy Paul,Pedro Martinez,6-4 7-5,R64
Madrid Masters,Clay,John Isner,Miomir Kecmanovic,6-4 7-6(6),R64
Madrid Masters,Clay,Roberto Bautista Agut,Marco Cecchinato,6-2 6-7(3) 7-5,R64
Madrid Masters,Clay,Lloyd Harris,Grigor Dimitrov,6-3 3-6 7-6(5),R64
Madrid Masters,Clay,Alex De Minaur,Jaume Munar,4-6 7-5 6-1,R64
Madrid Masters,Clay,Marcos Giron,Pablo Andujar,6-7(8) 7-6(4) 7-5,R64
Madrid Masters,Clay,Kei Nishikori,Karen Khachanov,6-7(6) 6-2 6-2,R64
Madrid Masters,Clay,Daniel Evans,Jeremy Chardy,7-6(6) 6-7(7) 6-2,R64
Madrid Masters,Clay,John Millman,Hubert Hurkacz,5-7 7-6(7) 6-3,R64
Madrid Masters,Clay,Jannik Sinner,Guido Pella,6-2 4-4 RET,R64
Madrid Masters,Clay,Alexei Popyrin,Jan Lennard Struff,6-3 7-6(4),R64
Madrid Masters,Clay,Carlos Alcaraz,Adrian Mannarino,6-4 6-0,R64
Madrid Masters,Clay,Daniil Medvedev,Alejandro Davidovich Fokina,4-6 6-4 6-2,R32
Madrid Masters,Clay,Cristian Garin,Dominik Koepfer,6-3 6-4,R32
Madrid Masters,Clay,Federico Delbonis,Albert Ramos,7-6(5) 6-3,R32
Madrid Masters,Clay,Matteo Berrettini,Fabio Fognini,6-3 6-4,R32
Madrid Masters,Clay,Stefanos Tsitsipas,Benoit Paire,6-1 6-2,R32
Madrid Masters,Clay,Casper Ruud,Yoshihito Nishioka,6-1 6-2,R32
Madrid Masters,Clay,Alexander Bublik,Denis Shapovalov,6-4 5-7 6-4,R32
Madrid Masters,Clay,Aslan Karatsev,Diego Schwartzman,2-6 6-4 6-1,R32
Madrid Masters,Clay,Andrey Rublev,Tommy Paul,6-7(5) 6-3 6-4,R32
Madrid Masters,Clay,John Isner,Roberto Bautista Agut,6-4 6-7(4) 7-6(6),R32
Madrid Masters,Clay,Alex De Minaur,Lloyd Harris,6-2 3-0 RET,R32
Madrid Masters,Clay,Dominic Thiem,Marcos Giron,6-1 6-3,R32
Madrid Masters,Clay,Alexander Zverev,Kei Nishikori,6-3 6-2,R32
Madrid Masters,Clay,Daniel Evans,John Millman,6-7(5) 6-2 6-3,R32
Madrid Masters,Clay,Alexei Popyrin,Jannik Sinner,7-6(5) 6-2,R32
Madrid Masters,Clay,Rafael Nadal,Carlos Alcaraz,6-1 6-2,R32
Madrid Masters,Clay,Cristian Garin,Daniil Medvedev,6-4 6-7(2) 6-1,R16
Madrid Masters,Clay,Matteo Berrettini,Federico Delbonis,7-6(4) 6-4,R16
Madrid Masters,Clay,Casper Ruud,Stefanos Tsitsipas,7-6(4) 6-4,R16
Madrid Masters,Clay,Alexander Bublik,Aslan Karatsev,6-4 6-3,R16
Madrid Masters,Clay,John Isner,Andrey Rublev,7-6(4) 3-6 7-6(4),R16
Madrid Masters,Clay,Dominic Thiem,Alex De Minaur,7-6(7) 6-4,R16
Madrid Masters,Clay,Alexander Zverev,Daniel Evans,6-3 7-6(3),R16
Madrid Masters,Clay,Rafael Nadal,Alexei Popyrin,6-3 6-3,R16
Madrid Masters,Clay,Matteo Berrettini,Cristian Garin,5-7 6-3 6-0,QF
Madrid Masters,Clay,Casper Ruud,Alexander Bublik,7-5 6-1,QF
Madrid Masters,Clay,Dominic Thiem,John Isner,3-6 6-3 6-4,QF
Madrid Masters,Clay,Alexander Zverev,Rafael Nadal,6-4 6-4,QF
Madrid Masters,Clay,Matteo Berrettini,Casper Ruud,6-4 6-4,SF
Madrid Masters,Clay,Alexander Zverev,Dominic Thiem,6-3 6-4,SF
Madrid Masters,Clay,Alexander Zverev,Matteo Berrettini,6-7(8) 6-4 6-3,F
Roland Garros,Clay,Novak Djokovic,Tennys Sandgren,6-2 6-4 6-2,R128
Roland Garros,Clay,Pablo Cuevas,Lucas Pouille,6-3 6-1 6-3,R128
Roland Garros,Clay,James Duckworth,Salvatore Caruso,6-4 3-6 7-6(4) 6-2,R128
Roland Garros,Clay,Ricardas Berankis,Ugo Humbert,6-4 6-4 2-6 6-4,R128
Roland Garros,Clay,Alex De Minaur,Stefano Travaglia,6-2 6-4 7-6(4),R128
Roland Garros,Clay,Marco Cecchinato,Yasutaka Uchiyama,3-6 6-1 6-2 6-4,R128
Roland Garros,Clay,Yoshihito Nishioka,Jo-Wilfried Tsonga,6-4 6-2 3-6 7-6(5),R128
Roland Garros,Clay,Lorenzo Musetti,David Goffin,6-0 7-5 7-6(3),R128
Roland Garros,Clay,Matteo Berrettini,Taro Daniel,6-0 6-4 4-6 6-4,R128
Roland Garros,Clay,Federico Coria,Feliciano Lopez,6-3 7-6(4) 6-2,R128
Roland Garros,Clay,Soon Woo Kwon,Kevin Anderson,7-5 6-4 2-6 7-6(4),R128
Roland Garros,Clay,Andreas Seppi,Felix Auger Aliassime,6-3 7-6(8) 4-6 6-4,R128
Roland Garros,Clay,Taylor Fritz,Joao Sousa,6-4 6-2 6-4,R128
Roland Garros,Clay,Dominik Koepfer,Mathias Bourgue,6-3 6-3 6-4,R128
Roland Garros,Clay,Marin Cilic,Arthur Rinderknech,7-6(6) 6-1 6-2,R128
Roland Garros,Clay,Roger Federer,Denis Istomin,6-2 6-4 6-3,R128
Roland Garros,Clay,Rafael Nadal,Alexei Popyrin,6-3 6-2 7-6(3),R128
Roland Garros,Clay,Richard Gasquet,Hugo Gaston,6-1 6-4 6-2,R128
Roland Garros,Clay,Cameron Norrie,Bjorn Fratangelo,7-5 7-6(5) 6-2,R128
Roland Garros,Clay,Lloyd Harris,Lorenzo Sonego,7-5 6-4 6-4,R128
Roland Garros,Clay,Jannik Sinner,Pierre Hugues Herbert,6-1 4-6 6-7(4) 7-5 6-4,R128
Roland Garros,Clay,Gianluca Mager,Peter Gojowczyk,6-2 3-6 6-4 7-5,R128
Roland Garros,Clay,Mikael Ymer,Roberto Carballes Baena,6-4 0-6 4-6 6-2 6-2,R128
Roland Garros,Clay,Gael Monfils,Albert Ramos,1-6 7-6(6) 6-4 6-4,R128
Roland Garros,Clay,Diego Schwartzman,Yen Hsun Lu,6-2 6-2 6-3,R128
Roland Garros,Clay,Aljaz Bedene,Adrian Mannarino,7-5 3-6 7-5 6-2,R128
Roland Garros,Clay,Philipp Kohlschreiber,Fernando Verdasco,7-6(3) 6-2 2-6 6-4,R128
Roland Garros,Clay,Aslan Karatsev,Jenson Brooksby,6-3 6-4 6-4,R128
Roland Garros,Clay,Nikoloz Basilashvili,Dusan Lajovic,6-4 6-3 0-6 6-2,R128
Roland Garros,Clay,Carlos Alcaraz,Bernabe Zapata Miralles,6-3 2-6 6-1 7-6(4),R128
Roland Garros,Clay,Facundo Bagnis,Benjamin Bonzi,7-5 6-3 6-4,R128
Roland Garros,Clay,Jan Lennard Struff,Andrey Rublev,6-3 7-6(6) 4-6 3-6 6-4,R128
Roland Garros,Clay,Alexander Zverev,Oscar Otte,3-6 3-6 6-2 6-2 6-0,R128
Roland Garros,Clay,Roman Safiullin,Carlos Taberner,7-6(4) 1-6 6-0 6-2,R128
Roland Garros,Clay,Laslo Djere,Corentin Moutet,6-3 6-7(10) 7-6(2) 7-5,R128
Roland Garros,Clay,Miomir Kecmanovic,Daniel Evans,1-6 6-3 6-3 6-4,R128
Roland Garros,Clay,Karen Khachanov,Jiri Vesely,6-1 6-2 6-3,R128
Roland Garros,Clay,Kei Nishikori,Alessandro Giannessi,6-4 6-7(4) 6-3 4-6 6-4,R128
Roland Garros,Clay,Henri Laaksonen,Yannick Hanfmann,6-1 6-3 4-6 6-2,R128
Roland Garros,Clay,Roberto Bautista Agut,Mario Vilella Martinez,6-4 6-4 6-2,R128
Roland Garros,Clay,Casper Ruud,Benoit Paire,5-7 6-2 6-1 7-6(4),R128
Roland Garros,Clay,Kamil Majchrzak,Arthur Cazaux,6-4 2-6 6-4 6-4,R128
Roland Garros,Clay,Alejandro Davidovich Fokina,Mikhail Kukushkin,6-4 6-4 6-3,R128
Roland Garros,Clay,Botic Van De Zandschulp,Hubert Hurkacz,6-7(5) 6-7(4) 6-2 6-2 6-4,R128
Roland Garros,Clay,Fabio Fognini,Gregoire Barrere,6-4 6-1 6-4,R128
Roland Garros,Clay,Marton Fucsovics,Gilles Simon,6-4 6-1 7-6(5),R128
Roland Garros,Clay,Federico Delbonis,Radu Albot,6-1 2-6 6-0 6-1,R128
Roland Garros,Clay,Pablo Andujar,Dominic Thiem,4-6 5-7 6-3 6-4 6-4,R128
Roland Garros,Clay,Stefanos Tsitsipas,Jeremy Chardy,7-6(6) 6-3 6-1,R128
Roland Garros,Clay,Pedro Martinez,Sebastian Korda,6-4 6-2 6-2,R128
Roland Garros,Clay,Filip Krajinovic,Maximilian Marterer,6-4 6-1 7-6(3),R128
Roland Garros,Clay,John Isner,Sam Querrey,7-6(2) 6-3 6-4,R128
Roland Garros,Clay,Thiago Monteiro,Francisco Cerundolo,6-3 6-4 6-3,R128
Roland Garros,Clay,Steve Johnson,Frances Tiafoe,6-7(5) 3-6 6-4 6-2 6-1,R128
Roland Garros,Clay,Enzo Couacaud,Egor Gerasimov,7-6(3) 6-4 6-3,R128
Roland Garros,Clay,Pablo Carreno Busta,Norbert Gombos,6-3 6-4 6-3,R128
Roland Garros,Clay,Marcos Giron,Grigor Dimitrov,2-6 4-6 7-5 3-0 RET,R128
Roland Garros,Clay,Guido Pella,Daniel Elahi Galan,6-3 7-6(4) 7-5,R128
Roland Garros,Clay,Mackenzie Mcdonald,Emil Ruusuvuori,4-6 6-3 7-6(4) 6-3,R128
Roland Garros,Clay,Cristian Garin,Juan Ignacio Londero,3-6 6-4 7-6(6) 6-2,R128
Roland Garros,Clay,Reilly Opelka,Andrej Martin,6-3 6-2 6-4,R128
Roland Garros,Clay,Jaume Munar,Jordan Thompson,6-7(6) 6-1 7-6(5) 6-4,R128
Roland Garros,Clay,Tommy Paul,Christopher Oconnell,6-2 6-4 4-6 4-6 10-8,R128
Roland Garros,Clay,Daniil Medvedev,Alexander Bublik,6-3 6-3 7-5,R128
Roland Garros,Clay,Novak Djokovic,Pablo Cuevas,6-3 6-2 6-4,R64
Roland Garros,Clay,Ricardas Berankis,James Duckworth,7-5 2-6 7-6(4) 6-0,R64
Roland Garros,Clay,Marco Cecchinato,Alex De Minaur,6-4 6-1 3-6 6-1,R64
Roland Garros,Clay,Lorenzo Musetti,Yoshihito Nishioka,7-5 6-3 6-2,R64
Roland Garros,Clay,Matteo Berrettini,Federico Coria,6-3 6-3 6-2,R64
Roland Garros,Clay,Soon Woo Kwon,Andreas Seppi,6-4 7-5 7-5,R64
Roland Garros,Clay,Dominik Koepfer,Taylor Fritz,6-3 6-2 3-6 6-4,R64
Roland Garros,Clay,Roger Federer,Marin Cilic,6-2 2-6 7-6(4) 6-2,R64
Roland Garros,Clay,Rafael Nadal,Richard Gasquet,6-0 7-5 6-2,R64
Roland Garros,Clay,Cameron Norrie,Lloyd Harris,4-6 6-3 6-3 6-2,R64
Roland Garros,Clay,Jannik Sinner,Gianluca Mager,6-1 7-5 3-6 6-3,R64
Roland Garros,Clay,Mikael Ymer,Gael Monfils,6-0 2-6 6-4 6-3,R64
Roland Garros,Clay,Diego Schwartzman,Aljaz Bedene,6-4 6-2 6-4,R64
Roland Garros,Clay,Philipp Kohlschreiber,Aslan Karatsev,6-3 7-6(4) 4-6 6-1,R64
Roland Garros,Clay,Carlos Alcaraz,Nikoloz Basilashvili,6-4 6-2 6-4,R64
Roland Garros,Clay,Jan Lennard Struff,Facundo Bagnis,7-5 7-6(1) 6-4,R64
Roland Garros,Clay,Alexander Zverev,Roman Safiullin,7-6(4) 6-3 7-6(1),R64
Roland Garros,Clay,Laslo Djere,Miomir Kecmanovic,4-6 4-6 6-3 6-2 6-3,R64
Roland Garros,Clay,Kei Nishikori,Karen Khachanov,4-6 6-2 2-6 6-4 6-4,R64
Roland Garros,Clay,Henri Laaksonen,Roberto Bautista Agut,6-3 2-6 6-3 6-2,R64
Roland Garros,Clay,Casper Ruud,Kamil Majchrzak,6-3 6-2 6-4,R64
Roland Garros,Clay,Alejandro Davidovich Fokina,Botic Van De Zandschulp,6-4 6-4 5-7 2-6 6-4,R64
Roland Garros,Clay,Fabio Fognini,Marton Fucsovics,7-6(6) 6-1 6-2,R64
Roland Garros,Clay,Federico Delbonis,Pablo Andujar,4-6 6-1 3-6 6-3 6-2,R64
Roland Garros,Clay,Stefanos Tsitsipas,Pedro Martinez,6-3 6-4 6-3,R64
Roland Garros,Clay,John Isner,Filip Krajinovic,7-6(6) 6-1 7-6(5),R64
Roland Garros,Clay,Steve Johnson,Thiago Monteiro,6-3 6-7(2) 7-6(2) 3-6 6-3,R64
Roland Garros,Clay,Pablo Carreno Busta,Enzo Couacaud,2-6 6-3 6-4 6-4,R64
Roland Garros,Clay,Marcos Giron,Guido Pella,7-6(2) 6-1 6-7(3) 6-4,R64
Roland Garros,Clay,Cristian Garin,Mackenzie Mcdonald,4-6 4-6 7-6(7) 6-3 8-6,R64
Roland Garros,Clay,Reilly Opelka,Jaume Munar,6-3 6-2 3-6 7-5,R64
Roland Garros,Clay,Daniil Medvedev,Tommy Paul,3-6 6-1 6-4 6-3,R64
Roland Garros,Clay,Novak Djokovic,Ricardas Berankis,6-1 6-4 6-1,R32
Roland Garros,Clay,Lorenzo Musetti,Marco Cecchinato,3-6 6-4 6-3 3-6 6-3,R32
Roland Garros,Clay,Matteo Berrettini,Soon Woo Kwon,7-6(6) 6-3 6-4,R32
Roland Garros,Clay,Roger Federer,Dominik Koepfer,7-6(5) 6-7(3) 7-6(4) 7-5,R32
Roland Garros,Clay,Rafael Nadal,Cameron Norrie,6-3 6-3 6-3,R32
Roland Garros,Clay,Jannik Sinner,Mikael Ymer,6-1 7-5 6-3,R32
Roland Garros,Clay,Diego Schwartzman,Philipp Kohlschreiber,6-4 6-2 6-1,R32
Roland Garros,Clay,Jan Lennard Struff,Carlos Alcaraz,6-4 7-6(3) 6-2,R32
Roland Garros,Clay,Alexander Zverev,Laslo Djere,6-2 7-5 6-2,R32
Roland Garros,Clay,Kei Nishikori,Henri Laaksonen,7-5 0-0 RET,R32
Roland Garros,Clay,Alejandro Davidovich Fokina,Casper Ruud,7-6(3) 2-6 7-6(6) 0-6 7-5,R32
Roland Garros,Clay,Federico Delbonis,Fabio Fognini,6-4 6-1 6-3,R32
Roland Garros,Clay,Stefanos Tsitsipas,John Isner,5-7 6-3 7-6(3) 6-1,R32
Roland Garros,Clay,Pablo Carreno Busta,Steve Johnson,6-4 6-4 6-2,R32
Roland Garros,Clay,Cristian Garin,Marcos Giron,6-1 5-7 6-2 6-2,R32
Roland Garros,Clay,Daniil Medvedev,Reilly Opelka,6-4 6-2 6-4,R32
Roland Garros,Clay,Novak Djokovic,Lorenzo Musetti,6-7(7) 6-7(2) 6-1 6-0 4-0 RET,R16
Roland Garros,Clay,Matteo Berrettini,Roger Federer,W/O,R16
Roland Garros,Clay,Rafael Nadal,Jannik Sinner,7-5 6-3 6-0,R16
Roland Garros,Clay,Diego Schwartzman,Jan Lennard Struff,7-6(9) 6-4 7-5,R16
Roland Garros,Clay,Alexander Zverev,Kei Nishikori,6-4 6-1 6-1,R16
Roland Garros,Clay,Alejandro Davidovich Fokina,Federico Delbonis,6-4 6-4 4-6 6-4,R16
Roland Garros,Clay,Stefanos Tsitsipas,Pablo Carreno Busta,6-3 6-2 7-5,R16
Roland Garros,Clay,Daniil Medvedev,Cristian Garin,6-2 6-1 7-5,R16
Roland Garros,Clay,Novak Djokovic,Matteo Berrettini,6-3 6-2 6-7(5) 7-5,QF
Roland Garros,Clay,Rafael Nadal,Diego Schwartzman,6-3 4-6 6-4 6-0,QF
Roland Garros,Clay,Alexander Zverev,Alejandro Davidovich Fokina,6-4 6-1 6-1,QF
Roland Garros,Clay,Stefanos Tsitsipas,Daniil Medvedev,6-3 7-6(3) 7-5,QF
Roland Garros,Clay,Novak Djokovic,Rafael Nadal,3-6 6-3 7-6(4) 6-2,SF
Roland Garros,Clay,Stefanos Tsitsipas,Alexander Zverev,6-3 6-3 4-6 4-6 6-3,SF
Roland Garros,Clay,Novak Djokovic,Stefanos Tsitsipas,6-7(6) 2-6 6-3 6-2 6-4,F
Wimbledon,Grass,Novak Djokovic,Jack Draper,4-6 6-1 6-2 6-2,R128
Wimbledon,Grass,Kevin Anderson,Tomas Barrios Vera,6-7(4) 6-4 6-4 7-6(4),R128
Wimbledon,Grass,Andreas Seppi,Joao Sousa,4-6 6-4 7-5 6-2,R128
Wimbledon,Grass,Denis Kudla,Alejandro Davidovich Fokina,5-7 4-6 7-6(4) 6-3 6-3,R128
Wimbledon,Grass,Cristian Garin,Bernabe Zapata Miralles,6-7(6) 6-3 3-6 6-3 6-2,R128
Wimbledon,Grass,Marc Polmans,Yen Hsun Lu,6-2 7-5 4-6 6-1,R128
Wimbledon,Grass,Pedro Martinez,Stefano Travaglia,6-3 2-6 6-4 6-4,R128
Wimbledon,Grass,Gael Monfils,Christopher Oconnell,4-6 6-2 7-6(5) 4-6 6-4,R128
Wimbledon,Grass,Diego Schwartzman,Benoit Paire,6-3 6-4 6-0,R128
Wimbledon,Grass,Liam Broady,Marco Cecchinato,6-3 6-4 6-0,R128
Wimbledon,Grass,Jiri Vesely,Yannick Hanfmann,6-1 7-5 7-6(5),R128
Wimbledon,Grass,Marton Fucsovics,Jannik Sinner,5-7 6-3 7-5 6-3,R128
Wimbledon,Grass,Fabio Fognini,Albert Ramos,7-6(4) 6-2 6-4,R128
Wimbledon,Grass,Laslo Djere,Pablo Cuevas,5-7 6-4 6-4 6-4,R128
Wimbledon,Grass,Lloyd Harris,Ricardas Berankis,6-3 6-4 7-6(6),R128
Wimbledon,Grass,Andrey Rublev,Federico Delbonis,4-6 6-4 6-1 6-2,R128
Wimbledon,Grass,Frances Tiafoe,Stefanos Tsitsipas,6-4 6-4 6-3,R128
Wimbledon,Grass,Vasek Pospisil,Roberto Carballes Baena,6-3 6-3 6-3,R128
Wimbledon,Grass,Egor Gerasimov,Jay Clarke,6-3 3-6 7-6(5) 6-2,R128
Wimbledon,Grass,Karen Khachanov,Mackenzie Mcdonald,3-6 6-3 6-4 7-6(3),R128
Wimbledon,Grass,Daniel Evans,Feliciano Lopez,7-6(4) 6-2 7-5,R128
Wimbledon,Grass,Dusan Lajovic,Gilles Simon,6-4 7-5 3-6 4-6 6-3,R128
Wimbledon,Grass,Antoine Hoang,Zhizhen Zhang,4-6 7-6(5) 6-7(5) 6-3 6-2,R128
Wimbledon,Grass,Sebastian Korda,Alex De Minaur,6-3 6-4 6-7(5) 7-6(5),R128
Wimbledon,Grass,Denis Shapovalov,Philipp Kohlschreiber,6-4 4-6 6-3 5-7 6-4,R128
Wimbledon,Grass,Pablo Andujar,Pierre Hugues Herbert,7-6(7) 4-6 7-6(7) 5-7 8-6,R128
Wimbledon,Grass,Oscar Otte,Arthur Rinderknech,4-6 6-3 6-2 6-7(5) 13-12,R128
Wimbledon,Grass,Andy Murray,Nikoloz Basilashvili,6-4 6-3 5-7 6-3,R128
Wimbledon,Grass,Dominik Koepfer,Reilly Opelka,6-4 7-6(3) 6-2,R128
Wimbledon,Grass,Soon Woo Kwon,Daniel Masur,6-7(2) 6-3 6-4 6-4,R128
Wimbledon,Grass,Miomir Kecmanovic,Facundo Bagnis,6-4 3-6 6-3 7-6(1),R128
Wimbledon,Grass,Roberto Bautista Agut,John Millman,6-2 3-6 6-3 7-6(4),R128
Wimbledon,Grass,Matteo Berrettini,Guido Pella,6-4 3-6 6-4 6-0,R128
Wimbledon,Grass,Botic Van De Zandschulp,Gregoire Barrere,6-2 6-7(4) 6-1 7-6(3),R128
Wimbledon,Grass,Aljaz Bedene,Corentin Moutet,6-4 6-4 6-0,R128
Wimbledon,Grass,Yoshihito Nishioka,John Isner,7-6(5) 2-6 6-3 6-7(3) 6-4,R128
Wimbledon,Grass,Jeremy Chardy,Aslan Karatsev,7-6(4) 7-6(6) 6-3,R128
Wimbledon,Grass,Ilya Ivashka,Jaume Munar,6-1 7-5 7-6(5),R128
Wimbledon,Grass,Kei Nishikori,Alexei Popyrin,6-4 6-4 6-4,R128
Wimbledon,Grass,Jordan Thompson,Casper Ruud,7-6(6) 7-6(3) 2-6 2-6 6-2,R128
Wimbledon,Grass,Felix Auger Aliassime,Thiago Monteiro,6-3 6-3 6-3,R128
Wimbledon,Grass,Mikael Ymer,Jo-Wilfried Tsonga,7-5 6-7(4) 5-7 6-4 6-3,R128
Wimbledon,Grass,Gianluca Mager,Juan Ignacio Londero,7-6(3) 6-0 4-6 6-3,R128
Wimbledon,Grass,Nick Kyrgios,Ugo Humbert,6-4 4-6 3-6 6-1 9-7,R128
Wimbledon,Grass,Taylor Fritz,Brandon Nakashima,7-5 3-6 6-4 7-5,R128
Wimbledon,Grass,Steve Johnson,Dennis Novak,7-6(7) 6-2 7-5,R128
Wimbledon,Grass,Tennys Sandgren,Norbert Gombos,6-4 6-7(5) 6-1 6-3,R128
Wimbledon,Grass,Alexander Zverev,Tallon Griekspoor,6-3 6-4 6-1,R128
Wimbledon,Grass,Roger Federer,Adrian Mannarino,6-4 6-7(3) 3-6 6-2 0-0 RET,R128
Wimbledon,Grass,Richard Gasquet,Yuichi Sugita,7-6(4) 4-6 6-2 6-1,R128
Wimbledon,Grass,Alex Bolt,Filip Krajinovic,7-6(5) 6-4 7-5,R128
Wimbledon,Grass,Cameron Norrie,Lucas Pouille,6-7(6) 7-5 6-2 7-5,R128
Wimbledon,Grass,Lorenzo Sonego,Pedro Sousa,6-2 7-5 6-0,R128
Wimbledon,Grass,Daniel Elahi Galan,Federico Coria,6-4 4-6 7-5 7-5,R128
Wimbledon,Grass,James Duckworth,Radu Albot,6-4 6-4 6-1,R128
Wimbledon,Grass,Sam Querrey,Pablo Carreno Busta,7-6(6) 6-4 7-5,R128
Wimbledon,Grass,Hubert Hurkacz,Lorenzo Musetti,6-4 7-6(5) 6-1,R128
Wimbledon,Grass,Marcos Giron,Emil Ruusuvuori,6-4 2-6 6-2 0-6 6-4,R128
Wimbledon,Grass,Alexander Bublik,Mikhail Kukushkin,6-4 6-2 6-1,R128
Wimbledon,Grass,Grigor Dimitrov,Fernando Verdasco,3-6 6-3 6-4 6-4,R128
Wimbledon,Grass,Marin Cilic,Salvatore Caruso,7-6(5) 7-6(1) 6-1,R128
Wimbledon,Grass,Benjamin Bonzi,Marco Trungelliti,6-1 1-6 4-6 6-3 6-4,R128
Wimbledon,Grass,Carlos Alcaraz,Yasutaka Uchiyama,6-3 6-7(4) 6-2 3-6 6-3,R128
Wimbledon,Grass,Daniil Medvedev,Jan Lennard Struff,6-4 6-1 4-6 7-6(3),R128
Wimbledon,Grass,Novak Djokovic,Kevin Anderson,6-3 6-3 6-3,R64
Wimbledon,Grass,Denis Kudla,Andreas Seppi,6-2 6-4 6-2,R64
Wimbledon,Grass,Cristian Garin,Marc Polmans,7-6(3) 6-2 2-6 7-6(5),R64
Wimbledon,Grass,Pedro Martinez,Gael Monfils,6-3 6-4 4-6 7-6(5),R64
Wimbledon,Grass,Diego Schwartzman,Liam Broady,4-6 6-2 6-1 6-4,R64
Wimbledon,Grass,Marton Fucsovics,Jiri Vesely,6-3 5-4 RET,R64
Wimbledon,Grass,Fabio Fognini,Laslo Djere,6-3 6-4 0-6 6-4,R64
Wimbledon,Grass,Andrey Rublev,Lloyd Harris,6-1 6-2 7-5,R64
Wimbledon,Grass,Frances Tiafoe,Vasek Pospisil,6-4 6-4 6-4,R64
Wimbledon,Grass,Karen Khachanov,Egor Gerasimov,6-1 7-6(3) 6-3,R64
Wimbledon,Grass,Daniel Evans,Dusan Lajovic,6-3 6-3 6-4,R64
Wimbledon,Grass,Sebastian Korda,Antoine Hoang,7-5 6-4 6-4,R64
Wimbledon,Grass,Denis Shapovalov,Pablo Andujar,W/O,R64
Wimbledon,Grass,Andy Murray,Oscar Otte,6-3 4-6 4-6 6-4 6-2,R64
Wimbledon,Grass,Dominik Koepfer,Soon Woo Kwon,6-3 6-7(8) 7-6(2) 5-7 6-3,R64
Wimbledon,Grass,Roberto Bautista Agut,Miomir Kecmanovic,6-3 6-3 6-7(3) 3-6 6-3,R64
Wimbledon,Grass,Matteo Berrettini,Botic Van De Zandschulp,6-3 6-4 7-6(4),R64
Wimbledon,Grass,Aljaz Bedene,Yoshihito Nishioka,6-1 6-0 6-2,R64
Wimbledon,Grass,Ilya Ivashka,Jeremy Chardy,4-6 6-3 6-2 6-4,R64
Wimbledon,Grass,Jordan Thompson,Kei Nishikori,7-5 6-4 5-7 6-3,R64
Wimbledon,Grass,Felix Auger Aliassime,Mikael Ymer,6-4 4-6 7-6(4) 6-1,R64
Wimbledon,Grass,Nick Kyrgios,Gianluca Mager,7-6(7) 6-4 6-4,R64
Wimbledon,Grass,Taylor Fritz,Steve Johnson,6-4 7-6(4) 4-6 6-7(4) 6-4,R64
Wimbledon,Grass,Alexander Zverev,Tennys Sandgren,7-5 6-2 6-3,R64
Wimbledon,Grass,Roger Federer,Richard Gasquet,7-6(1) 6-1 6-4,R64
Wimbledon,Grass,Cameron Norrie,Alex Bolt,6-3 6-1 6-2,R64
Wimbledon,Grass,Lorenzo Sonego,Daniel Elahi Galan,4-6 6-3 7-6(3) 6-1,R64
Wimbledon,Grass,James Duckworth,Sam Querrey,7-5 6-7(4) 6-3 6-2,R64
Wimbledon,Grass,Hubert Hurkacz,Marcos Giron,6-3 6-2 6-4,R64
Wimbledon,Grass,Alexander Bublik,Grigor Dimitrov,6-4 7-6(6) 7-6(4),R64
Wimbledon,Grass,Marin Cilic,Benjamin Bonzi,6-4 3-6 6-3 7-6(5),R64
Wimbledon,Grass,Daniil Medvedev,Carlos Alcaraz,6-4 6-1 6-2,R64
Wimbledon,Grass,Novak Djokovic,Denis Kudla,6-4 6-3 7-6(7),R32
Wimbledon,Grass,Cristian Garin,Pedro Martinez,6-4 6-3 4-6 6-4,R32
Wimbledon,Grass,Marton Fucsovics,Diego Schwartzman,6-3 6-3 6-7(6) 6-4,R32
Wimbledon,Grass,Andrey Rublev,Fabio Fognini,6-3 5-7 6-4 6-2,R32
Wimbledon,Grass,Karen Khachanov,Frances Tiafoe,6-3 6-4 6-4,R32
Wimbledon,Grass,Sebastian Korda,Daniel Evans,6-3 3-6 6-3 6-4,R32
Wimbledon,Grass,Denis Shapovalov,Andy Murray,6-4 6-2 6-2,R32
Wimbledon,Grass,Roberto Bautista Agut,Dominik Koepfer,7-5 6-1 7-6(4),R32
Wimbledon,Grass,Matteo Berrettini,Aljaz Bedene,6-4 6-4 6-4,R32
Wimbledon,Grass,Ilya Ivashka,Jordan Thompson,6-4 6-4 6-4,R32
Wimbledon,Grass,Felix Auger Aliassime,Nick Kyrgios,2-6 6-1 RET,R32
Wimbledon,Grass,Alexander Zverev,Taylor Fritz,6-7(3) 6-4 6-3 7-6(4),R32
Wimbledon,Grass,Roger Federer,Cameron Norrie,6-4 6-4 5-7 6-4,R32
Wimbledon,Grass,Lorenzo Sonego,James Duckworth,6-3 6-4 6-4,R32
Wimbledon,Grass,Hubert Hurkacz,Alexander Bublik,6-3 6-4 6-2,R32
Wimbledon,Grass,Daniil Medvedev,Marin Cilic,6-7(3) 3-6 6-3 6-3 6-2,R32
Wimbledon,Grass,Novak Djokovic,Cristian Garin,6-2 6-4 6-2,R16
Wimbledon,Grass,Marton Fucsovics,Andrey Rublev,6-3 4-6 4-6 6-0 6-3,R16
Wimbledon,Grass,Karen Khachanov,Sebastian Korda,3-6 6-4 6-3 5-7 10-8,R16
Wimbledon,Grass,Denis Shapovalov,Roberto Bautista Agut,6-1 6-3 7-5,R16
Wimbledon,Grass,Matteo Berrettini,Ilya Ivashka,6-4 6-3 6-1,R16
Wimbledon,Grass,Felix Auger Aliassime,Alexander Zverev,6-4 7-6(6) 3-6 3-6 6-4,R16
Wimbledon,Grass,Roger Federer,Lorenzo Sonego,7-5 6-4 6-2,R16
Wimbledon,Grass,Hubert Hurkacz,Daniil Medvedev,2-6 7-6(2) 3-6 6-3 6-3,R16
Wimbledon,Grass,Novak Djokovic,Marton Fucsovics,6-3 6-4 6-4,QF
Wimbledon,Grass,Denis Shapovalov,Karen Khachanov,6-4 3-6 5-7 6-1 6-4,QF
Wimbledon,Grass,Matteo Berrettini,Felix Auger Aliassime,6-3 5-7 7-5 6-3,QF
Wimbledon,Grass,Hubert Hurkacz,Roger Federer,6-3 7-6(4) 6-0,QF
Wimbledon,Grass,Novak Djokovic,Denis Shapovalov,7-6(3) 7-5 7-5,SF
Wimbledon,Grass,Matteo Berrettini,Hubert Hurkacz,6-3 6-0 6-7(3) 6-4,SF
Wimbledon,Grass,Novak Djokovic,Matteo Berrettini,6-7(4) 6-4 6-4 6-3,F
Us Open,Hard,Novak Djokovic,Holger Rune,6-1 6-7(5) 6-2 6-1,R128
Us Open,Hard,Tallon Griekspoor,Jan Lennard Struff,2-6 7-6(3) 4-6 6-4 7-5,R128
Us Open,Hard,Kei Nishikori,Salvatore Caruso,6-1 6-1 5-7 6-3,R128
Us Open,Hard,Mackenzie Mcdonald,David Goffin,6-2 7-5 6-3,R128
Us Open,Hard,Aslan Karatsev,Jaume Munar,7-5 1-6 6-3 6-2,R128
Us Open,Hard,Jordan Thompson,Gianluca Mager,4-6 6-3 7-5 2-6 7-6(3),R128
Us Open,Hard,Jenson Brooksby,Mikael Ymer,7-5 6-2 5-7 6-3,R128
Us Open,Hard,Taylor Fritz,Alex De Minaur,7-6(4) 6-2 1-6 6-4,R128
Us Open,Hard,Hubert Hurkacz,Egor Gerasimov,6-3 6-4 6-3,R128
Us Open,Hard,Andreas Seppi,Marton Fucsovics,2-6 7-5 6-4 2-6 7-6(13),R128
Us Open,Hard,Denis Kudla,Laslo Djere,4-6 6-3 7-5 7-6(4),R128
Us Open,Hard,Oscar Otte,Lorenzo Sonego,6-7(8) 7-5 7-6(4) 7-6(1),R128
Us Open,Hard,Vasek Pospisil,Fabio Fognini,2-6 3-6 6-1 6-3 7-6(4),R128
Us Open,Hard,Ilya Ivashka,Tennys Sandgren,7-6(3) 6-3 6-4,R128
Us Open,Hard,Corentin Moutet,Stefano Travaglia,6-4 7-5 7-6(3),R128
Us Open,Hard,Matteo Berrettini,Jeremy Chardy,7-6(5) 7-6(7) 6-3,R128
Us Open,Hard,Alexander Zverev,Sam Querrey,6-4 7-5 6-2,R128
Us Open,Hard,Albert Ramos,Lucas Pouille,6-1 5-7 5-7 7-5 6-4,R128
Us Open,Hard,Jack Sock,Yoshihito Nishioka,6-7(5) 6-2 6-4 6-2,R128
Us Open,Hard,Alexander Bublik,Yannick Hanfmann,6-0 4-6 6-2 6-1,R128
Us Open,Hard,Gael Monfils,Federico Coria,6-3 6-2 6-2,R128
Us Open,Hard,Steve Johnson,Maximilian Marterer,5-7 7-6(8) 7-6(8) 6-3,R128
Us Open,Hard,Zachary Svajda,Marco Cecchinato,7-6(6) 5-7 6-4 6-4,R128
Us Open,Hard,Jannik Sinner,Max Purcell,6-4 6-2 4-6 6-2,R128
Us Open,Hard,Maxime Cressy,Pablo Carreno Busta,5-7 4-6 6-1 6-4 7-6(7),R128
Us Open,Hard,Nikoloz Basilashvili,Sebastian Korda,6-2 2-1 RET,R128
Us Open,Hard,Lorenzo Musetti,Emilio Nava,6-7(5) 6-4 6-1 6-3,R128
Us Open,Hard,Reilly Opelka,Soon Woo Kwon,7-6(3) 6-4 6-4,R128
Us Open,Hard,Lloyd Harris,Karen Khachanov,6-4 1-6 4-6 6-3 6-2,R128
Us Open,Hard,Ernesto Escobedo,Pablo Cuevas,6-1 6-3 6-1,R128
Us Open,Hard,Roberto Carballes Baena,Tommy Paul,7-6(5) 6-2 1-6 6-3,R128
Us Open,Hard,Denis Shapovalov,Federico Delbonis,6-2 6-2 6-3,R128
Us Open,Hard,Andrey Rublev,Ivo Karlovic,6-3 7-6(3) 6-3,R128
Us Open,Hard,Pedro Martinez,James Duckworth,4-6 4-6 7-6(7) 6-2 6-2,R128
Us Open,Hard,Frances Tiafoe,Christopher Eubanks,7-6(8) 5-7 6-3 6-4,R128
Us Open,Hard,Guido Pella,Filip Krajinovic,6-7(2) 6-3 6-2 6-2,R128
Us Open,Hard,Roberto Bautista Agut,Nick Kyrgios,6-3 6-4 6-0,R128
Us Open,Hard,Emil Ruusuvuori,Kamil Majchrzak,6-4 6-2 3-6 6-1,R128
Us Open,Hard,Bernabe Zapata Miralles,Feliciano Lopez,5-7 7-6(6) 4-6 6-3 6-3,R128
Us Open,Hard,Felix Auger Aliassime,Evgeny Donskoy,7-6(0) 3-6 7-6(1) 7-6(8),R128
Us Open,Hard,Cristian Garin,Norbert Gombos,6-3 4-6 6-4 7-6(4),R128
Us Open,Hard,Henri Laaksonen,John Millman,7-6(6) 7-6(2) 6-1,R128
Us Open,Hard,Dusan Lajovic,Benoit Paire,6-3 7-5 2-6 6-4,R128
Us Open,Hard,Peter Gojowczyk,Ugo Humbert,1-6 6-1 6-2 5-7 6-4,R128
Us Open,Hard,Carlos Alcaraz,Cameron Norrie,6-4 6-4 6-3,R128
Us Open,Hard,Arthur Rinderknech,Miomir Kecmanovic,6-7(10) 3-6 7-5 6-3 6-4,R128
Us Open,Hard,Adrian Mannarino,Pierre Hugues Herbert,3-6 4-6 6-4 6-3 6-3,R128
Us Open,Hard,Stefanos Tsitsipas,Andy Murray,2-6 7-6(7) 3-6 6-3 6-4,R128
Us Open,Hard,Casper Ruud,Yuichi Sugita,6-3 6-2 6-2,R128
Us Open,Hard,Botic Van De Zandschulp,Carlos Taberner,2-6 3-6 6-4 7-5 6-3,R128
Us Open,Hard,Facundo Bagnis,Taro Daniel,6-3 6-3 6-3,R128
Us Open,Hard,Marco Trungelliti,Alejandro Davidovich Fokina,5-7 6-3 7-5 6-7(3) 6-4,R128
Us Open,Hard,Brandon Nakashima,John Isner,7-6(7) 7-6(6) 6-3,R128
Us Open,Hard,Alex Molcan,Cem Ilkel,4-6 6-3 6-1 6-1,R128
Us Open,Hard,Kevin Anderson,Jiri Vesely,7-6(1) 4-6 3-6 7-6(5) 7-6(4),R128
Us Open,Hard,Diego Schwartzman,Ricardas Berankis,7-5 6-3 6-3,R128
Us Open,Hard,Grigor Dimitrov,Sam Riffice,6-1 7-6(3) 6-3,R128
Us Open,Hard,Alexei Popyrin,Radu Albot,6-3 6-7(3) 6-3 6-3,R128
Us Open,Hard,Marcos Giron,Antoine Hoang,6-3 6-4 7-5,R128
Us Open,Hard,Daniel Evans,Thiago Monteiro,6-3 6-7(6) 6-4 6-1,R128
Us Open,Hard,Philipp Kohlschreiber,Marin Cilic,6-7(4) 6-7(3) 6-2 6-1 2-0 RET,R128
Us Open,Hard,Pablo Andujar,Mikhail Kukushkin,3-6 4-6 6-4 6-4 6-2,R128
Us Open,Hard,Dominik Koepfer,Quentin Halys,6-4 3-6 4-6 6-3 6-4,R128
Us Open,Hard,Daniil Medvedev,Richard Gasquet,6-4 6-3 6-1,R128
Us Open,Hard,Novak Djokovic,Tallon Griekspoor,6-2 6-3 6-2,R64
Us Open,Hard,Kei Nishikori,Mackenzie Mcdonald,7-6(3) 6-3 6-7(5) 2-6 6-3,R64
Us Open,Hard,Aslan Karatsev,Jordan Thompson,3-6 3-6 7-5 7-6(9) 6-1,R64
Us Open,Hard,Jenson Brooksby,Taylor Fritz,6-7(7) 7-6(10) 7-5 6-2,R64
Us Open,Hard,Andreas Seppi,Hubert Hurkacz,2-6 6-4 6-4 7-6(6),R64
Us Open,Hard,Oscar Otte,Denis Kudla,6-4 6-4 6-2,R64
Us Open,Hard,Ilya Ivashka,Vasek Pospisil,6-3 6-4 7-6(5),R64
Us Open,Hard,Matteo Berrettini,Corentin Moutet,7-6(2) 4-6 6-4 6-3,R64
Us Open,Hard,Alexander Zverev,Albert Ramos,6-1 6-0 6-3,R64
Us Open,Hard,Jack Sock,Alexander Bublik,7-6(3) 6-7(2) 6-4 4-6 6-3,R64
Us Open,Hard,Gael Monfils,Steve Johnson,7-5 4-6 6-4 6-4,R64
Us Open,Hard,Jannik Sinner,Zachary Svajda,6-3 7-6(2) 6-7(6) 6-4,R64
Us Open,Hard,Nikoloz Basilashvili,Maxime Cressy,7-6(3) 6-3 7-5,R64
Us Open,Hard,Reilly Opelka,Lorenzo Musetti,7-6(1) 7-5 6-4,R64
Us Open,Hard,Lloyd Harris,Ernesto Escobedo,6-4 6-4 6-2,R64
Us Open,Hard,Denis Shapovalov,Roberto Carballes Baena,7-6(7) 6-3 6-0,R64
Us Open,Hard,Andrey Rublev,Pedro Martinez,7-6(2) 6-7(5) 6-1 6-1,R64
Us Open,Hard,Frances Tiafoe,Guido Pella,6-1 6-2 7-5,R64
Us Open,Hard,Roberto Bautista Agut,Emil Ruusuvuori,6-1 6-3 6-2,R64
Us Open,Hard,Felix Auger Aliassime,Bernabe Zapata Miralles,7-6(5) 6-3 6-2,R64
Us Open,Hard,Henri Laaksonen,Cristian Garin,3-6 7-6(5) 6-2 6-4,R64
Us Open,Hard,Peter Gojowczyk,Dusan Lajovic,2-6 6-4 2-6 7-5 6-4,R64
Us Open,Hard,Carlos Alcaraz,Arthur Rinderknech,7-6(6) 4-6 6-1 6-4,R64
Us Open,Hard,Stefanos Tsitsipas,Adrian Mannarino,6-3 6-4 6-7(4) 6-0,R64
Us Open,Hard,Botic Van De Zandschulp,Casper Ruud,3-6 6-4 6-3 6-4,R64
Us Open,Hard,Facundo Bagnis,Marco Trungelliti,7-6(4) 4-6 6-3 6-3,R64
Us Open,Hard,Alex Molcan,Brandon Nakashima,6-3 3-6 1-6 6-2 6-4,R64
Us Open,Hard,Diego Schwartzman,Kevin Anderson,7-6(4) 6-3 6-4,R64
Us Open,Hard,Alexei Popyrin,Grigor Dimitrov,7-6(4) 7-6(4) 4-0 RET,R64
Us Open,Hard,Daniel Evans,Marcos Giron,6-4 7-6(3) 2-6 6-3,R64
Us Open,Hard,Pablo Andujar,Philipp Kohlschreiber,6-4 6-3 6-1,R64
Us Open,Hard,Daniil Medvedev,Dominik Koepfer,6-4 6-1 6-2,R64
Us Open,Hard,Novak Djokovic,Kei Nishikori,6-7(4) 6-3 6-3 6-2,R32
Us Open,Hard,Jenson Brooksby,Aslan Karatsev,6-2 3-6 2-6 6-3 6-3,R32
Us Open,Hard,Oscar Otte,Andreas Seppi,6-3 6-4 2-6 7-5,R32
Us Open,Hard,Matteo Berrettini,Ilya Ivashka,6-7(5) 6-2 6-4 2-6 6-3,R32
Us Open,Hard,Alexander Zverev,Jack Sock,3-6 6-2 6-3 2-1 RET,R32
Us Open,Hard,Jannik Sinner,Gael Monfils,7-6(1) 6-2 4-6 4-6 6-4,R32
Us Open,Hard,Reilly Opelka,Nikoloz Basilashvili,7-6(5) 6-3 6-4,R32
Us Open,Hard,Lloyd Harris,Denis Shapovalov,6-4 6-4 6-4,R32
Us Open,Hard,Frances Tiafoe,Andrey Rublev,4-6 6-3 7-6(6) 4-6 6-1,R32
Us Open,Hard,Felix Auger Aliassime,Roberto Bautista Agut,6-3 6-4 4-6 3-6 6-3,R32
Us Open,Hard,Peter Gojowczyk,Henri Laaksonen,3-6 6-3 6-1 6-4,R32
Us Open,Hard,Carlos Alcaraz,Stefanos Tsitsipas,6-3 4-6 7-6(2) 0-6 7-6(5),R32
Us Open,Hard,Botic Van De Zandschulp,Facundo Bagnis,3-6 6-0 6-2 6-2,R32
Us Open,Hard,Diego Schwartzman,Alex Molcan,6-4 6-3 6-3,R32
Us Open,Hard,Daniel Evans,Alexei Popyrin,4-6 3-6 6-3 6-4 7-6(1),R32
Us Open,Hard,Daniil Medvedev,Pablo Andujar,6-0 6-4 6-3,R32
Us Open,Hard,Novak Djokovic,Jenson Brooksby,1-6 6-3 6-2 6-2,R16
Us Open,Hard,Matteo Berrettini,Oscar Otte,6-4 3-6 6-3 6-2,R16
Us Open,Hard,Alexander Zverev,Jannik Sinner,6-4 6-4 7-6(7),R16
Us Open,Hard,Lloyd Harris,Reilly Opelka,6-7(6) 6-4 6-1 6-3,R16
Us Open,Hard,Felix Auger Aliassime,Frances Tiafoe,4-6 6-2 7-6(6) 6-4,R16
Us Open,Hard,Carlos Alcaraz,Peter Gojowczyk,5-7 6-1 5-7 6-2 6-0,R16
Us Open,Hard,Botic Van De Zandschulp,Diego Schwartzman,6-3 6-4 5-7 5-7 6-1,R16
Us Open,Hard,Daniil Medvedev,Daniel Evans,6-3 6-4 6-3,R16
Us Open,Hard,Novak Djokovic,Matteo Berrettini,5-7 6-2 6-2 6-3,QF
Us Open,Hard,Alexander Zverev,Lloyd Harris,7-6(6) 6-3 6-4,QF
Us Open,Hard,Felix Auger Aliassime,Carlos Alcaraz,6-3 3-1 RET,QF
Us Open,Hard,Daniil Medvedev,Botic Van De Zandschulp,6-3 6-0 4-6 7-5,QF
Us Open,Hard,Novak Djokovic,Alexander Zverev,4-6 6-2 6-4 4-6 6-2,SF
Us Open,Hard,Daniil Medvedev,Felix Auger Aliassime,6-4 7-5 6-2,SF
Us Open,Hard,Daniil Medvedev,Novak Djokovic,6-4 6-4 6-4,F
Australian Open,Hard,Novak Djokovic,Jeremy Chardy,6-3 6-1 6-2,R128
Australian Open,Hard,Frances Tiafoe,Stefano Travaglia,7-6(5) 6-2 6-2,R128
Australian Open,Hard,Reilly Opelka,Yen Hsun Lu,6-3 7-6(2) 6-3,R128
Australian Open,Hard,Taylor Fritz,Albert Ramos,7-6(6) 3-6 6-2 7-6(6),R128
Australian Open,Hard,Stan Wawrinka,Pedro Sousa,6-3 6-2 6-4,R128
Australian Open,Hard,Marton Fucsovics,Marc Polmans,4-6 6-3 6-1 6-7(3) 6-3,R128
Australian Open,Hard,Corentin Moutet,John Millman,6-4 6-7(4) 3-6 6-2 6-3,R128
Australian Open,Hard,Milos Raonic,Federico Coria,6-3 6-3 6-2,R128
Australian Open,Hard,Emil Ruusuvuori,Gael Monfils,3-6 6-4 7-5 3-6 6-3,R128
Australian Open,Hard,Pedro Martinez,Yoshihito Nishioka,6-7(3) 6-1 6-1 6-1,R128
Australian Open,Hard,Alexander Bublik,Aljaz Bedene,6-4 7-5 5-7 6-4,R128
Australian Open,Hard,Dusan Lajovic,Sergiy Stakhovsky,5-7 6-4 6-3 5-7 6-4,R128
Australian Open,Hard,Adrian Mannarino,Dennis Novak,6-2 6-4 7-6(2),R128
Australian Open,Hard,Miomir Kecmanovic,Kamil Majchrzak,6-2 6-4 6-3,R128
Australian Open,Hard,Maxime Cressy,Taro Daniel,7-6(1) 7-6(3) 6-4,R128
Australian Open,Hard,Alexander Zverev,Marcos Giron,6-7(8) 7-6(5) 6-3 6-2,R128
Australian Open,Hard,Dominic Thiem,Mikhail Kukushkin,7-6(2) 6-2 6-3,R128
Australian Open,Hard,Dominik Koepfer,Hugo Dellien,7-5 6-2 6-4,R128
Australian Open,Hard,Nick Kyrgios,Frederico Ferreira Silva,6-4 6-4 6-4,R128
Australian Open,Hard,Ugo Humbert,Yasutaka Uchiyama,6-3 6-4 6-7(3) 6-3,R128
Australian Open,Hard,Grigor Dimitrov,Marin Cilic,6-4 6-2 7-6(5),R128
Australian Open,Hard,Alex Bolt,Norbert Gombos,6-2 6-2 4-6 6-3,R128
Australian Open,Hard,Jiri Vesely,Kimmer Coppejans,6-4 3-6 6-7(3) 6-3 6-3,R128
Australian Open,Hard,Pablo Carreno Busta,Kei Nishikori,7-5 7-6(4) 6-2,R128
Australian Open,Hard,Denis Shapovalov,Jannik Sinner,3-6 6-3 6-2 4-6 6-4,R128
Australian Open,Hard,Bernard Tomic,Yuichi Sugita,3-6 6-1 4-1 RET,R128
Australian Open,Hard,James Duckworth,Damir Dzumhur,6-3 6-2 6-4,R128
Australian Open,Hard,Felix Auger Aliassime,Cedrik Marcel Stebe,6-2 6-4 6-2,R128
Australian Open,Hard,Egor Gerasimov,Benoit Paire,6-2 2-6 7-6(5) 7-5,R128
Australian Open,Hard,Aslan Karatsev,Gianluca Mager,6-3 6-3 6-4,R128
Australian Open,Hard,Alexandre Muller,Juan Ignacio Londero,4-6 6-3 6-0 6-3,R128
Australian Open,Hard,Diego Schwartzman,Elias Ymer,7-6(3) 6-4 2-6 6-2,R128
Australian Open,Hard,Andrey Rublev,Yannick Hanfmann,6-3 6-3 6-4,R128
Australian Open,Hard,Thiago Monteiro,Andrej Martin,7-6(6) 6-1 6-2,R128
Australian Open,Hard,Feliciano Lopez,Li Tu,6-7(1) 6-4 7-6(4) 6-4,R128
Australian Open,Hard,Lorenzo Sonego,Sam Querrey,7-5 6-4 6-4,R128
Australian Open,Hard,Casper Ruud,Jordan Thompson,6-3 6-3 2-1 RET,R128
Australian Open,Hard,Tommy Paul,Nikoloz Basilashvili,6-4 7-6(0) 6-4,R128
Australian Open,Hard,Christopher Oconnell,Jan Lennard Struff,7-6(2) 7-6(5) 6-1,R128
Australian Open,Hard,Radu Albot,Roberto Bautista Agut,6-7(1) 6-0 6-4 7-6(5),R128
Australian Open,Hard,Alexei Popyrin,David Goffin,3-6 6-4 6-7(4) 7-6(6) 6-3,R128
Australian Open,Hard,Lloyd Harris,Mikael Torpegaard,4-6 6-3 6-2 6-2,R128
Australian Open,Hard,Mackenzie Mcdonald,Marco Cecchinato,3-6 6-3 6-2 6-2,R128
Australian Open,Hard,Borna Coric,Guido Pella,6-3 7-6(5) 7-5,R128
Australian Open,Hard,Filip Krajinovic,Robin Haase,7-6(4) 6-3 4-6 6-2,R128
Australian Open,Hard,Pablo Andujar,Quentin Halys,6-4 7-5 7-5,R128
Australian Open,Hard,Roberto Carballes Baena,Attila Balazs,7-5 3-6 6-2 6-3,R128
Australian Open,Hard,Daniil Medvedev,Vasek Pospisil,6-2 6-2 6-4,R128
Australian Open,Hard,Stefanos Tsitsipas,Gilles Simon,6-1 6-2 6-1,R128
Australian Open,Hard,Thanasi Kokkinakis,Soon Woo Kwon,6-4 6-1 6-1,R128
Australian Open,Hard,Carlos Alcaraz,Botic Van De Zandschulp,6-1 6-4 6-4,R128
Australian Open,Hard,Mikael Ymer,Hubert Hurkacz,3-6 6-3 3-6 7-5 6-3,R128
Australian Open,Hard,Karen Khachanov,Aleksandar Vukic,6-3 6-7(4) 7-6(2) 6-4,R128
Australian Open,Hard,Ricardas Berankis,Sumit Nagal,6-2 7-5 6-3,R128
Australian Open,Hard,Tomas Machac,Mario Vilella Martinez,6-7(5) 7-5 6-0 3-0 RET,R128
Australian Open,Hard,Matteo Berrettini,Kevin Anderson,7-6(9) 7-5 6-3,R128
Australian Open,Hard,Fabio Fognini,Pierre Hugues Herbert,6-4 6-2 6-3,R128
Australian Open,Hard,Salvatore Caruso,Henri Laaksonen,6-2 6-4 6-3,R128
Australian Open,Hard,Pablo Cuevas,Andreas Seppi,6-4 4-6 6-2 6-2,R128
Australian Open,Hard,Alex De Minaur,Tennys Sandgren,7-5 6-1 6-1,R128
Australian Open,Hard,Cameron Norrie,Daniel Evans,6-4 4-6 6-4 7-5,R128
Australian Open,Hard,Roman Safiullin,Ilya Ivashka,6-4 6-3 6-4,R128
Australian Open,Hard,Michael Mmoh,Viktor Troicki,7-6(3) 6-7(3) 3-6 7-6(3) 7-5,R128
Australian Open,Hard,Rafael Nadal,Laslo Djere,6-3 6-4 6-1,R128
Australian Open,Hard,Novak Djokovic,Frances Tiafoe,6-3 6-7(3) 7-6(2) 6-3,R64
Australian Open,Hard,Taylor Fritz,Reilly Opelka,4-6 7-6(6) 6-7(4) 7-6(5) 6-2,R64
Australian Open,Hard,Marton Fucsovics,Stan Wawrinka,7-5 6-1 4-6 2-6 7-6(9),R64
Australian Open,Hard,Milos Raonic,Corentin Moutet,6-7(1) 6-1 6-1 6-4,R64
Australian Open,Hard,Pedro Martinez,Emil Ruusuvuori,1-6 6-3 6-2 7-6(5),R64
Australian Open,Hard,Dusan Lajovic,Alexander Bublik,6-4 7-6(4) 4-6 6-3,R64
Australian Open,Hard,Adrian Mannarino,Miomir Kecmanovic,6-1 6-2 6-4,R64
Australian Open,Hard,Alexander Zverev,Maxime Cressy,7-5 6-4 6-3,R64
Australian Open,Hard,Dominic Thiem,Dominik Koepfer,6-4 6-0 6-2,R64
Australian Open,Hard,Nick Kyrgios,Ugo Humbert,5-7 6-4 3-6 7-6(2) 6-4,R64
Australian Open,Hard,Grigor Dimitrov,Alex Bolt,7-6(1) 6-1 6-2,R64
Australian Open,Hard,Pablo Carreno Busta,Jiri Vesely,6-3 7-6(3) 2-6 6-4,R64
Australian Open,Hard,Denis Shapovalov,Bernard Tomic,6-1 6-3 6-2,R64
Australian Open,Hard,Felix Auger Aliassime,James Duckworth,6-4 6-1 6-2,R64
Australian Open,Hard,Aslan Karatsev,Egor Gerasimov,6-0 6-1 6-0,R64
Australian Open,Hard,Diego Schwartzman,Alexandre Muller,6-2 6-0 6-3,R64
Australian Open,Hard,Andrey Rublev,Thiago Monteiro,6-4 6-4 7-6(8),R64
Australian Open,Hard,Feliciano Lopez,Lorenzo Sonego,5-7 3-6 6-3 7-5 6-4,R64
Australian Open,Hard,Casper Ruud,Tommy Paul,3-6 6-2 6-4 7-5,R64
Australian Open,Hard,Radu Albot,Christopher Oconnell,6-2 7-5 7-6(8),R64
Australian Open,Hard,Lloyd Harris,Alexei Popyrin,6-2 1-6 6-3 6-7(5) 6-3,R64
Australian Open,Hard,Mackenzie Mcdonald,Borna Coric,6-4 6-2 4-6 6-4,R64
Australian Open,Hard,Filip Krajinovic,Pablo Andujar,6-2 5-7 6-1 6-4,R64
Australian Open,Hard,Daniil Medvedev,Roberto Carballes Baena,6-2 7-5 6-1,R64
Australian Open,Hard,Stefanos Tsitsipas,Thanasi Kokkinakis,6-7(5) 6-4 6-1 6-7(5) 6-4,R64
Australian Open,Hard,Mikael Ymer,Carlos Alcaraz,2-6 6-4 6-4 7-6(5),R64
Australian Open,Hard,Karen Khachanov,Ricardas Berankis,6-2 6-4 6-4,R64
Australian Open,Hard,Matteo Berrettini,Tomas Machac,6-3 6-2 4-6 6-3,R64
Australian Open,Hard,Fabio Fognini,Salvatore Caruso,4-6 6-2 2-6 6-3 7-6(12),R64
Australian Open,Hard,Alex De Minaur,Pablo Cuevas,6-3 6-3 7-5,R64
Australian Open,Hard,Cameron Norrie,Roman Safiullin,3-6 7-5 6-3 7-6(3),R64
Australian Open,Hard,Rafael Nadal,Michael Mmoh,6-1 6-4 6-2,R64
Australian Open,Hard,Novak Djokovic,Taylor Fritz,7-6(1) 6-4 3-6 4-6 6-2,R32
Australian Open,Hard,Milos Raonic,Marton Fucsovics,7-6(2) 5-7 6-2 6-2,R32
Australian Open,Hard,Dusan Lajovic,Pedro Martinez,6-7(6) 7-5 6-1 6-4,R32
Australian Open,Hard,Alexander Zverev,Adrian Mannarino,6-3 6-3 6-1,R32
Australian Open,Hard,Dominic Thiem,Nick Kyrgios,4-6 4-6 6-3 6-4 6-4,R32
Australian Open,Hard,Grigor Dimitrov,Pablo Carreno Busta,6-0 1-0 RET,R32
Australian Open,Hard,Felix Auger Aliassime,Denis Shapovalov,7-5 7-5 6-3,R32
Australian Open,Hard,Aslan Karatsev,Diego Schwartzman,6-3 6-3 6-3,R32
Australian Open,Hard,Andrey Rublev,Feliciano Lopez,7-5 6-2 6-3,R32
Australian Open,Hard,Casper Ruud,Radu Albot,6-1 5-7 6-4 6-4,R32
Australian Open,Hard,Mackenzie Mcdonald,Lloyd Harris,7-6(7) 6-1 6-4,R32
Australian Open,Hard,Daniil Medvedev,Filip Krajinovic,6-3 6-3 4-6 3-6 6-0,R32
Australian Open,Hard,Stefanos Tsitsipas,Mikael Ymer,6-4 6-1 6-1,R32
Australian Open,Hard,Matteo Berrettini,Karen Khachanov,7-6(1) 7-6(5) 7-6(5),R32
Australian Open,Hard,Fabio Fognini,Alex De Minaur,6-4 6-3 6-4,R32
Australian Open,Hard,Rafael Nadal,Cameron Norrie,7-5 6-2 7-5,R32
Australian Open,Hard,Novak Djokovic,Milos Raonic,7-6(4) 4-6 6-1 6-4,R16
Australian Open,Hard,Alexander Zverev,Dusan Lajovic,6-4 7-6(5) 6-3,R16
Australian Open,Hard,Grigor Dimitrov,Dominic Thiem,6-4 6-4 6-0,R16
Australian Open,Hard,Aslan Karatsev,Felix Auger Aliassime,3-6 1-6 6-3 6-3 6-4,R16
Australian Open,Hard,Andrey Rublev,Casper Ruud,6-2 7-6(3) 0-0 RET,R16
Australian Open,Hard,Daniil Medvedev,Mackenzie Mcdonald,6-4 6-2 6-3,R16
Australian Open,Hard,Stefanos Tsitsipas,Matteo Berrettini,W/O,R16
Australian Open,Hard,Rafael Nadal,Fabio Fognini,6-3 6-4 6-2,R16
Australian Open,Hard,Novak Djokovic,Alexander Zverev,6-7(6) 6-2 6-4 7-6(6),QF
Australian Open,Hard,Aslan Karatsev,Grigor Dimitrov,2-6 6-4 6-1 6-2,QF
Australian Open,Hard,Daniil Medvedev,Andrey Rublev,7-5 6-3 6-2,QF
Australian Open,Hard,Stefanos Tsitsipas,Rafael Nadal,3-6 2-6 7-6(4) 6-4 7-5,QF
Australian Open,Hard,Novak Djokovic,Aslan Karatsev,6-3 6-4 6-2,SF
Australian Open,Hard,Daniil Medvedev,Stefanos Tsitsipas,6-4 6-2 7-5,SF
Australian Open,Hard,Novak Djokovic,Daniil Medvedev,7-5 6-2 6-2,F