name,t_grass_serve_total,t_grass_serve_won,t_grass_receive_total,t_grass_receive_won,t_hard_serve_total,t_hard_serve_won,t_hard_receive_total,t_hard_receive_won,t_clay_serve_total,t_clay_serve_won,t_clay_receive_total,t_clay_receive_won,1_grass_serve_total,1_grass_serve_won,1_grass_receive_total,1_grass_receive_won,1_hard_serve_total,1_hard_serve_won,1_hard_receive_total,1_hard_receive_won,1_clay_serve_total,1_clay_serve_won,1_clay_receive_total,1_clay_receive_won,2_grass_serve_total,2_grass_serve_won,2_grass_receive_total,2_grass_receive_won,2_hard_serve_total,2_hard_serve_won,2_hard_receive_total,2_hard_receive_won,2_clay_serve_total,2_clay_serve_won,2_clay_receive_total,2_clay_receive_won,3_grass_serve_total,3_grass_serve_won,3_grass_receive_total,3_grass_receive_won,3_hard_serve_total,3_hard_serve_won,3_hard_receive_total,3_hard_receive_won,3_clay_serve_total,3_clay_serve_won,3_clay_receive_total,3_clay_receive_won,4_grass_serve_total,4_grass_serve_won,4_grass_receive_total,4_grass_receive_won,4_hard_serve_total,4_hard_serve_won,4_hard_receive_total,4_hard_receive_won,4_clay_serve_total,4_clay_serve_won,4_clay_receive_total,4_clay_receive_won,5_grass_serve_total,5_grass_serve_won,5_grass_receive_total,5_grass_receive_won,5_hard_serve_total,5_hard_serve_won,5_hard_receive_total,5_hard_receive_won,5_clay_serve_total,5_clay_serve_won,5_clay_receive_total,5_clay_receive_won,6_grass_serve_total,6_grass_serve_won,6_grass_receive_total,6_grass_receive_won,6_hard_serve_total,6_hard_serve_won,6_hard_receive_total,6_hard_receive_won,6_clay_serve_total,6_clay_serve_won,6_clay_receive_total,6_clay_receive_won,7_grass_serve_total,7_grass_serve_won,7_grass_receive_total,7_grass_receive_won,7_hard_serve_total,7_hard_serve_won,7_hard_receive_total,7_hard_receive_won,7_clay_serve_total,7_clay_serve_won,7_clay_receive_total,7_clay_receive_won,8_grass_serve_total,8_grass_serve_won,8_grass_receive_total,8_grass_receive_won,8_hard_serve_total,8_hard_serve_won,8_hard_receive_total,8_hard_receive_won,8_clay_serve_total,8_clay_serve_won,8_clay_receive_total,8_clay_receive_won,9_grass_serve_total,9_grass_serve_won,9_grass_receive_total,9_grass_receive_won,9_hard_serve_total,9_hard_serve_won,9_hard_receive_total,9_hard_receive_won,9_clay_serve_total,9_clay_serve_won,9_clay_receive_total,9_clay_receive_won,10_grass_serve_total,10_grass_serve_won,10_grass_receive_total,10_grass_receive_won,10_hard_serve_total,10_hard_serve_won,10_hard_receive_total,10_hard_receive_won,10_clay_serve_total,10_clay_serve_won,10_clay_receive_total,10_clay_receive_won,11_grass_serve_total,11_grass_serve_won,11_grass_receive_total,11_grass_receive_won,11_hard_serve_total,11_hard_serve_won,11_hard_receive_total,11_hard_receive_won,11_clay_serve_total,11_clay_serve_won,11_clay_receive_total,11_clay_receive_won,12_grass_serve_total,12_grass_serve_won,12_grass_receive_total,12_grass_receive_won,12_hard_serve_total,12_hard_serve_won,12_hard_receive_total,12_hard_receive_won,12_clay_serve_total,12_clay_serve_won,12_clay_receive_total,12_clay_receive_won,13_grass_serve_total,13_grass_serve_won,13_grass_receive_total,13_grass_receive_won,13_hard_serve_total,13_hard_serve_won,13_hard_receive_total,13_hard_receive_won,13_clay_serve_total,13_clay_serve_won,13_clay_receive_total,13_clay_receive_won,14_grass_serve_total,14_grass_serve_won,14_grass_receive_total,14_grass_receive_won,14_hard_serve_total,14_hard_serve_won,14_hard_receive_total,14_hard_receive_won,14_clay_serve_total,14_clay_serve_won,14_clay_receive_total,14_clay_receive_won,15_grass_serve_total,15_grass_serve_won,15_grass_receive_total,15_grass_receive_won,15_hard_serve_total,15_hard_serve_won,15_hard_receive_total,15_hard_receive_won,15_clay_serve_total,15_clay_serve_won,15_clay_receive_total,15_clay_receive_won,16_grass_serve_total,16_grass_serve_won,16_grass_receive_total,16_grass_receive_won,16_hard_serve_total,16_hard_serve_won,16_hard_receive_total,16_hard_receive_won,16_clay_serve_total,16_clay_serve_won,16_clay_receive_total,16_clay_receive_won,17_grass_serve_total,17_grass_serve_won,17_grass_receive_total,17_grass_receive_won,17_hard_serve_total,17_hard_serve_won,17_hard_receive_total,17_hard_receive_won,17_clay_serve_total,17_clay_serve_won,17_clay_receive_total,17_clay_receive_won,18_grass_serve_total,18_grass_serve_won,18_grass_receive_total,18_grass_receive_won,18_hard_serve_total,18_hard_serve_won,18_hard_receive_total,18_hard_receive_won,18_clay_serve_total,18_clay_serve_won,18_clay_receive_total,18_clay_receive_won
Denis Kudla,0,0,0,0,0,0,0,0,0,0,0,0,4,2,4,2,0,0,0,0,0,0,0,0,3,2,2,2,0,0,0,0,0,0,0,0,2,2,2,1,0,0,0,0,0,0,0,0,2,2,0,0,0,0,0,0,0,0,0,0,3,3,3,1,0,0,0,0,0,0,0,0,0,0,1,0,0,0,0,0,0,0,0,0,2,2,0,0,0,0,0,0,0,0,0,0,3,3,2,2,0,0,0,0,0,0,0,0,0,0,2,2,0,0,0,0,0,0,0,0,0,0,0,0,0,0,0,0,0,0,0,0,3,3,0,0,0,0,0,0,0,0,0,0,0,0,2,1,0,0,0,0,0,0,0,0,0,0,2,1,0,0,0,0,0,0,0,0,0,0,1,1,0,0,0,0,0,0,0,0,0,0,2,0,0,0,0,0,0,0,0,0,0,0,4,0,0,0,0,0,0,0,0,0,0,0,4,1,0,0,0,0,0,0,0,0,0,0,0,0,0,0,0,0,0,0,0,0
Alejandro Davidovich Fokina,0,0,0,0,0,0,0,0,0,0,0,0,4,2,4,2,5,3,5,3,0,0,0,0,2,0,3,1,3,1,2,1,0,0,0,0,2,1,2,0,2,2,3,2,0,0,0,0,0,0,2,0,1,1,1,1,0,0,0,0,3,2,3,0,4,3,2,1,0,0,0,0,1,1,0,0,0,0,2,0,0,0,0,0,0,0,2,0,1,1,0,0,0,0,0,0,2,0,3,0,3,0,2,1,0,0,0,0,2,0,0,0,1,1,3,0,0,0,0,0,0,0,0,0,0,0,0,0,0,0,0,0,0,0,3,0,0,0,1,1,0,0,0,0,2,1,0,0,4,2,4,1,0,0,0,0,2,1,0,0,0,0,0,0,0,0,0,0,1,0,0,0,2,2,4,2,0,0,0,0,2,2,0,0,2,0,1,1,0,0,0,0,4,4,0,0,0,0,3,0,0,0,0,0,4,3,0,0,0,0,3,1,0,0,0,0,0,0,0,0,0,0,0,0,0,0,0,0
Cristian Garin,0,0,0,0,0,0,0,0,0,0,0,0,4,2,4,2,0,0,0,0,0,0,0,0,2,1,2,2,0,0,0,0,0,0,0,0,2,1,2,2,0,0,0,0,0,0,0,0,1,0,0,0,0,0,0,0,0,0,0,0,2,2,2,0,0,0,0,0,0,0,0,0,1,1,2,1,0,0,0,0,0,0,0,0,0,0,0,0,0,0,0,0,0,0,0,0,3,3,2,1,0,0,0,0,0,0,0,0,1,1,1,1,0,0,0,0,0,0,0,0,0,0,1,1,0,0,0,0,0,0,0,0,3,3,1,0,0,0,0,0,0,0,0,0,1,0,1,1,0,0,0,0,0,0,0,0,0,0,1,0,0,0,0,0,0,0,0,0,0,0,0,0,0,0,0,0,0,0,0,0,1,0,2,1,0,0,0,0,0,0,0,0,0,0,1,1,0,0,0,0,0,0,0,0,0,0,0,0,0,0,0,0,0,0,0,0,0,0,1,1,0,0,0,0,0,0,0,0
Bernabe Zapata Miralles,0,0,0,0,0,0,0,0,0,0,0,0,4,2,4,2,4,2,5,3,0,0,0,0,2,0,2,1,2,2,2,2,0,0,0,0,2,0,2,1,2,2,3,3,0,0,0,0,0,0,1,1,2,1,0,0,0,0,0,0,2,2,2,0,2,2,2,0,0,0,0,0,2,1,1,0,0,0,3,1,0,0,0,0,0,0,0,0,1,1,0,0,0,0,0,0,2,1,3,0,3,2,2,1,0,0,0,0,1,0,1,0,0,0,2,0,0,0,0,0,1,0,0,0,0,0,1,1,0,0,0,0,1,1,3,0,2,2,1,0,0,0,0,0,1,0,1,1,1,1,3,2,0,0,0,0,1,1,0,0,0,0,0,0,0,0,0,0,0,0,0,0,1,1,1,1,0,0,0,0,2,1,1,1,0,0,2,1,0,0,0,0,1,0,0,0,0,0,4,2,0,0,0,0,0,0,0,0,0,0,2,0,0,0,0,0,1,0,0,0,0,0,2,0,0,0,0,0
Christopher O'Connell,0,0,0,0,0,0,0,0,0,0,0,0,5,2,5,0,0,0,0,0,0,0,0,0,2,2,5,1,0,0,0,0,0,0,0,0,3,1,0,0,0,0,0,0,0,0,0,0,2,2,4,1,0,0,0,0,0,0,0,0,1,1,1,1,0,0,0,0,0,0,0,0,2,2,0,0,0,0,0,0,0,0,0,0,2,1,3,2,0,0,0,0,0,0,0,0,1,0,1,1,0,0,0,0,0,0,0,0,2,1,1,0,0,0,0,0,0,0,0,0,0,0,0,0,0,0,0,0,0,0,0,0,1,1,2,2,0,0,0,0,0,0,0,0,2,1,2,0,0,0,0,0,0,0,0,0,1,0,0,0,0,0,0,0,0,0,0,0,1,1,4,1,0,0,0,0,0,0,0,0,1,1,0,0,0,0,0,0,0,0,0,0,3,3,6,2,0,0,0,0,0,0,0,0,3,1,4,3,0,0,0,0,0,0,0,0,0,0,2,0,0,0,0,0,0,0,0,0
Gael Monfils,0,0,0,0,0,0,0,0,0,0,0,0,5,5,5,3,5,3,5,1,0,0,0,0,5,4,2,0,3,1,4,2,0,0,0,0,0,0,3,2,2,2,1,1,0,0,0,0,4,3,2,0,1,0,2,1,0,0,0,0,1,0,1,0,4,2,2,1,0,0,0,0,0,0,2,0,0,0,1,0,0,0,0,0,3,1,2,1,0,0,1,0,0,0,0,0,1,0,1,1,3,2,2,1,0,0,0,0,1,1,2,1,2,1,2,0,0,0,0,0,0,0,0,0,0,0,0,0,0,0,0,0,2,0,1,0,2,0,1,1,0,0,0,0,2,2,2,1,2,2,3,0,0,0,0,0,0,0,1,1,1,1,0,0,0,0,0,0,4,3,1,0,4,2,4,1,0,0,0,0,0,0,1,0,1,0,0,0,0,0,0,0,6,4,3,0,4,2,2,1,0,0,0,0,4,1,3,2,2,2,1,0,0,0,0,0,2,2,0,0,2,2,1,0,0,0,0,0
Dusan Lajovic,0,0,0,0,0,0,0,0,0,0,0,0,4,3,4,1,5,3,5,2,0,0,0,0,3,2,3,1,3,1,3,2,0,0,0,0,1,1,0,0,2,1,2,0,0,0,0,0,2,0,2,2,1,1,1,0,0,0,0,0,2,2,1,0,3,3,4,1,0,0,0,0,0,0,0,0,1,1,0,0,0,0,0,0,0,0,0,0,1,1,1,0,0,0,0,0,4,1,3,1,3,2,3,1,0,0,0,0,0,0,0,0,1,1,1,1,0,0,0,0,0,0,0,0,0,0,0,0,0,0,0,0,1,0,2,1,2,1,2,0,0,0,0,0,3,2,1,0,2,1,1,0,0,0,0,0,0,0,0,0,0,0,1,0,0,0,0,0,3,2,2,0,2,2,1,0,0,0,0,0,1,1,0,0,1,0,1,0,0,0,0,0,2,2,0,0,0,0,1,0,0,0,0,0,2,2,0,0,0,0,1,0,0,0,0,0,0,0,0,0,0,0,0,0,0,0,0,0
Gilles Simon,0,0,0,0,0,0,0,0,0,0,0,0,4,3,4,1,0,0,0,0,0,0,0,0,3,2,3,1,0,0,0,0,0,0,0,0,0,0,1,0,0,0,0,0,0,0,0,0,2,0,2,2,0,0,0,0,0,0,0,0,1,1,2,0,0,0,0,0,0,0,0,0,0,0,0,0,0,0,0,0,0,0,0,0,0,0,0,0,0,0,0,0,0,0,0,0,3,2,4,3,0,0,0,0,0,0,0,0,0,0,0,0,0,0,0,0,0,0,0,0,0,0,0,0,0,0,0,0,0,0,0,0,2,1,1,1,0,0,0,0,0,0,0,0,1,1,3,1,0,0,0,0,0,0,0,0,0,0,0,0,0,0,0,0,0,0,0,0,2,2,3,1,0,0,0,0,0,0,0,0,0,0,1,0,0,0,0,0,0,0,0,0,0,0,2,0,0,0,0,0,0,0,0,0,0,0,2,0,0,0,0,0,0,0,0,0,0,0,0,0,0,0,0,0,0,0,0,0
Zhizhen Zhang,0,0,0,0,0,0,0,0,0,0,0,0,4,3,4,1,0,0,0,0,0,0,0,0,3,1,3,2,0,0,0,0,0,0,0,0,1,0,1,1,0,0,0,0,0,0,0,0,1,1,1,0,0,0,0,0,0,0,0,0,2,2,2,1,0,0,0,0,0,0,0,0,1,1,1,0,0,0,0,0,0,0,0,0,1,1,1,0,0,0,0,0,0,0,0,0,2,2,1,0,0,0,0,0,0,0,0,0,1,0,2,0,0,0,0,0,0,0,0,0,0,0,0,0,0,0,0,0,0,0,0,0,2,1,1,1,0,0,0,0,0,0,0,0,0,0,2,1,0,0,0,0,0,0,0,0,1,0,0,0,0,0,0,0,0,0,0,0,1,0,2,0,0,0,0,0,0,0,0,0,0,0,1,0,0,0,0,0,0,0,0,0,3,0,1,0,0,0,0,0,0,0,0,0,0,0,1,0,0,0,0,0,0,0,0,0,3,2,0,0,0,0,0,0,0,0,0,0
Antoine Hoang,0,0,0,0,0,0,0,0,0,0,0,0,4,3,4,1,0,0,0,0,0,0,0,0,3,1,3,2,0,0,0,0,0,0,0,0,1,0,1,1,0,0,0,0,0,0,0,0,1,1,1,0,0,0,0,0,0,0,0,0,2,1,2,0,0,0,0,0,0,0,0,0,1,1,1,0,0,0,0,0,0,0,0,0,1,1,1,0,0,0,0,0,0,0,0,0,1,1,2,0,0,0,0,0,0,0,0,0,2,2,1,1,0,0,0,0,0,0,0,0,0,0,0,0,0,0,0,0,0,0,0,0,1,0,2,1,0,0,0,0,0,0,0,0,2,1,0,0,0,0,0,0,0,0,0,0,0,0,1,1,0,0,0,0,0,0,0,0,2,2,1,1,0,0,0,0,0,0,0,0,1,1,0,0,0,0,0,0,0,0,0,0,1,1,3,3,0,0,0,0,0,0,0,0,1,1,0,0,0,0,0,0,0,0,0,0,0,0,3,1,0,0,0,0,0,0,0,0
Denis Shapovalov,0,0,0,0,0,0,0,0,0,0,0,0,10,8,10,3,0,0,0,0,0,0,0,0,8,7,7,2,0,0,0,0,0,0,0,0,2,2,3,2,0,0,0,0,0,0,0,0,7,3,5,3,0,0,0,0,0,0,0,0,3,3,3,3,0,0,0,0,0,0,0,0,0,0,2,1,0,0,0,0,0,0,0,0,3,2,2,2,0,0,0,0,0,0,0,0,7,6,3,1,0,0,0,0,0,0,0,0,0,0,4,1,0,0,0,0,0,0,0,0,0,0,1,0,0,0,0,0,0,0,0,0,7,6,4,2,0,0,0,0,0,0,0,0,1,1,4,1,0,0,0,0,0,0,0,0,0,0,2,1,0,0,0,0,0,0,0,0,2,1,5,0,0,0,0,0,0,0,0,0,0,0,2,0,0,0,0,0,0,0,0,0,2,2,5,3,0,0,0,0,0,0,0,0,2,1,2,1,0,0,0,0,0,0,0,0,0,0,3,1,0,0,0,0,0,0,0,0
Philipp Kohlschreiber,0,0,0,0,0,0,0,0,0,0,0,0,5,4,5,2,2,2,1,1,0,0,0,0,4,2,3,0,1,1,0,0,0,0,0,0,1,0,2,0,0,0,1,1,0,0,0,0,2,0,3,2,1,1,0,0,0,0,0,0,2,0,2,0,0,0,0,0,0,0,0,0,1,1,0,0,0,0,1,1,0,0,0,0,0,0,1,0,1,0,0,0,0,0,0,0,2,2,4,1,0,0,0,0,0,0,0,0,3,2,0,0,0,0,0,0,0,0,0,0,0,0,0,0,0,0,1,1,0,0,0,0,2,2,3,1,1,0,0,0,0,0,0,0,2,2,1,0,0,0,0,0,0,0,0,0,1,0,0,0,0,0,0,0,0,0,0,0,2,2,2,1,1,1,0,0,0,0,0,0,0,0,0,0,0,0,0,0,0,0,0,0,0,0,2,0,0,0,0,0,0,0,0,0,0,0,2,1,0,0,0,0,0,0,0,0,0,0,0,0,0,0,0,0,0,0,0,0
Pierre Hugues Herbert,0,0,0,0,0,0,0,0,0,0,0,0,7,4,7,3,5,4,4,2,0,0,0,0,4,3,4,1,4,4,2,1,0,0,0,0,3,2,3,1,1,1,2,1,0,0,0,0,3,2,3,1,4,3,1,1,0,0,0,0,3,2,3,2,1,0,2,2,0,0,0,0,1,1,1,1,0,0,1,0,0,0,0,0,2,2,2,2,3,1,0,0,0,0,0,0,3,1,2,1,1,1,1,1,0,0,0,0,2,2,2,0,1,1,3,1,0,0,0,0,0,0,1,0,0,0,0,0,0,0,0,0,1,0,3,1,3,2,0,0,0,0,0,0,4,2,3,1,1,0,3,1,0,0,0,0,0,0,1,1,0,0,1,0,0,0,0,0,3,2,3,0,1,0,2,0,0,0,0,0,2,1,1,0,1,0,2,0,0,0,0,0,4,1,2,1,1,0,4,1,0,0,0,0,1,1,1,0,0,0,3,1,0,0,0,0,3,2,1,0,1,0,1,0,0,0,0,0
Pablo Andujar,0,0,0,0,0,0,0,0,0,0,0,0,7,4,7,3,4,3,4,0,0,0,0,0,4,3,4,1,3,3,4,2,0,0,0,0,3,2,3,1,1,1,0,0,0,0,0,0,3,2,3,1,3,2,2,0,0,0,0,0,3,1,3,1,1,1,2,0,0,0,0,0,1,0,1,0,0,0,0,0,0,0,0,0,2,0,2,0,2,0,2,0,0,0,0,0,2,1,3,2,2,1,2,1,0,0,0,0,2,2,2,0,0,0,0,0,0,0,0,0,1,1,0,0,0,0,0,0,0,0,0,0,3,2,1,1,3,1,1,1,0,0,0,0,3,2,4,2,1,1,1,1,0,0,0,0,1,0,0,0,0,0,0,0,0,0,0,0,3,3,3,1,3,2,1,1,0,0,0,0,1,1,2,1,0,0,1,1,0,0,0,0,2,1,4,3,2,2,4,3,0,0,0,0,1,1,1,0,2,1,1,1,0,0,0,0,1,1,3,1,0,0,3,1,0,0,0,0
Oscar Otte,5,5,4,2,0,0,0,0,0,0,0,0,16,13,16,4,0,0,0,0,0,0,0,0,13,8,12,6,0,0,0,0,0,0,0,0,3,3,4,0,0,0,0,0,0,0,0,0,8,4,6,2,0,0,0,0,0,0,0,0,8,4,10,3,0,0,0,0,0,0,0,0,0,0,0,0,0,0,0,0,0,0,0,0,4,3,4,1,0,0,0,0,0,0,0,0,8,4,9,3,0,0,0,0,0,0,0,0,4,1,3,0,0,0,0,0,0,0,0,0,0,0,0,0,0,0,0,0,0,0,0,0,5,3,7,4,0,0,0,0,0,0,0,0,5,4,6,1,0,0,0,0,0,0,0,0,3,2,0,0,0,0,0,0,0,0,0,0,6,6,9,4,0,0,0,0,0,0,0,0,3,1,1,0,0,0,0,0,0,0,0,0,3,1,13,3,0,0,0,0,0,0,0,0,1,1,10,6,0,0,0,0,0,0,0,0,2,2,3,1,0,0,0,0,0,0,0,0
Arthur Rinderknech,4,2,5,0,0,0,0,0,0,0,0,0,12,8,12,1,5,3,5,3,0,0,0,0,8,4,11,3,3,3,2,0,0,0,0,0,4,4,1,0,2,1,3,1,0,0,0,0,4,2,8,4,3,3,2,0,0,0,0,0,8,6,4,1,1,1,2,1,0,0,0,0,0,0,0,0,1,1,1,0,0,0,0,0,2,2,4,1,3,2,2,0,0,0,0,0,8,6,7,4,1,1,1,1,0,0,0,0,2,2,1,1,1,1,2,1,0,0,0,0,0,0,0,0,0,0,0,0,0,0,0,0,6,2,4,1,2,1,0,0,0,0,0,0,4,3,4,1,1,1,2,2,0,0,0,0,0,0,1,0,0,0,1,0,0,0,0,0,7,5,4,0,2,2,0,0,0,0,0,0,1,1,2,1,0,0,3,0,0,0,0,0,7,4,3,2,0,0,3,1,0,0,0,0,4,2,1,0,0,0,2,0,0,0,0,0,3,2,2,0,0,0,1,1,0,0,0,0
Yoshihito Nishioka,0,0,0,0,0,0,0,0,0,0,0,0,5,5,5,1,0,0,0,0,0,0,0,0,5,4,4,2,0,0,0,0,0,0,0,0,0,0,1,0,0,0,0,0,0,0,0,0,4,2,2,0,0,0,0,0,0,0,0,0,1,0,3,0,0,0,0,0,0,0,0,0,0,0,0,0,0,0,0,0,0,0,0,0,2,1,2,1,0,0,0,0,0,0,0,0,2,2,3,1,0,0,0,0,0,0,0,0,1,1,0,0,0,0,0,0,0,0,0,0,0,0,0,0,0,0,0,0,0,0,0,0,3,2,3,1,0,0,0,0,0,0,0,0,1,1,1,0,0,0,0,0,0,0,0,0,0,0,0,0,0,0,0,0,0,0,0,0,2,2,2,1,0,0,0,0,0,0,0,0,0,0,0,0,0,0,0,0,0,0,0,0,0,0,2,2,0,0,0,0,0,0,0,0,0,0,0,0,0,0,0,0,0,0,0,0,0,0,2,1,0,0,0,0,0,0,0,0
John Isner,0,0,0,0,0,0,0,0,0,0,0,0,5,4,5,0,0,0,0,0,0,0,0,0,4,2,5,1,0,0,0,0,0,0,0,0,1,1,0,0,0,0,0,0,0,0,0,0,2,2,4,2,0,0,0,0,0,0,0,0,3,3,1,1,0,0,0,0,0,0,0,0,0,0,0,0,0,0,0,0,0,0,0,0,2,1,2,1,0,0,0,0,0,0,0,0,3,2,2,0,0,0,0,0,0,0,0,0,0,0,1,0,0,0,0,0,0,0,0,0,0,0,0,0,0,0,0,0,0,0,0,0,3,2,3,1,0,0,0,0,0,0,0,0,1,1,1,0,0,0,0,0,0,0,0,0,0,0,0,0,0,0,0,0,0,0,0,0,2,1,2,0,0,0,0,0,0,0,0,0,0,0,0,0,0,0,0,0,0,0,0,0,2,0,0,0,0,0,0,0,0,0,0,0,0,0,0,0,0,0,0,0,0,0,0,0,2,1,0,0,0,0,0,0,0,0,0,0
Jordan Thompson,0,0,0,0,5,4,5,3,0,0,0,0,4,4,4,0,9,7,10,3,0,0,0,0,4,2,4,1,7,5,7,3,0,0,0,0,0,0,0,0,2,2,3,1,0,0,0,0,2,1,3,1,5,4,4,2,0,0,0,0,2,2,1,1,4,2,5,1,0,0,0,0,0,0,0,0,0,0,1,0,0,0,0,0,1,1,2,2,4,3,2,1,0,0,0,0,3,2,1,1,3,2,6,4,0,0,0,0,0,0,1,0,2,0,2,0,0,0,0,0,0,0,0,0,0,0,0,0,0,0,0,0,2,2,2,1,3,2,3,1,0,0,0,0,1,1,2,2,1,0,6,1,0,0,0,0,0,0,0,0,2,1,0,0,0,0,0,0,1,1,1,0,1,1,6,5,0,0,0,0,0,0,2,2,2,1,1,0,0,0,0,0,0,0,0,0,4,2,15,3,0,0,0,0,0,0,0,0,2,1,12,6,0,0,0,0,0,0,0,0,2,2,3,0,0,0,0,0
Casper Ruud,0,0,0,0,0,0,0,0,0,0,0,0,4,4,4,0,0,0,0,0,0,0,0,0,4,3,4,2,0,0,0,0,0,0,0,0,0,0,0,0,0,0,0,0,0,0,0,0,3,2,2,1,0,0,0,0,0,0,0,0,1,0,2,0,0,0,0,0,0,0,0,0,0,0,0,0,0,0,0,0,0,0,0,0,2,0,1,0,0,0,0,0,0,0,0,0,1,0,3,1,0,0,0,0,0,0,0,0,1,1,0,0,0,0,0,0,0,0,0,0,0,0,0,0,0,0,0,0,0,0,0,0,2,1,2,0,0,0,0,0,0,0,0,0,2,0,1,0,0,0,0,0,0,0,0,0,0,0,0,0,0,0,0,0,0,0,0,0,1,1,1,0,0,0,0,0,0,0,0,0,2,0,0,0,0,0,0,0,0,0,0,0,0,0,0,0,0,0,0,0,0,0,0,0,0,0,0,0,0,0,0,0,0,0,0,0,0,0,0,0,0,0,0,0,0,0,0,0
Jo Wilfried Tsonga,0,0,0,0,0,0,0,0,0,0,0,0,5,4,4,1,0,0,0,0,0,0,0,0,4,1,3,1,0,0,0,0,0,0,0,0,1,1,1,0,0,0,0,0,0,0,0,0,1,1,2,2,0,0,0,0,0,0,0,0,4,2,2,0,0,0,0,0,0,0,0,0,0,0,0,0,0,0,0,0,0,0,0,0,1,1,0,0,0,0,0,0,0,0,0,0,2,1,4,1,0,0,0,0,0,0,0,0,2,1,0,0,0,0,0,0,0,0,0,0,0,0,0,0,0,0,0,0,0,0,0,0,1,1,3,1,0,0,0,0,0,0,0,0,2,1,1,1,0,0,0,0,0,0,0,0,1,0,0,0,0,0,0,0,0,0,0,0,1,0,1,0,0,0,0,0,0,0,0,0,1,0,1,0,0,0,0,0,0,0,0,0,1,0,2,1,0,0,0,0,0,0,0,0,0,0,1,1,0,0,0,0,0,0,0,0,1,0,1,1,0,0,0,0,0,0,0,0
Mikael Ymer,0,0,0,0,0,0,0,0,0,0,0,0,4,3,5,1,0,0,0,0,0,0,0,0,3,2,4,3,0,0,0,0,0,0,0,0,1,1,1,0,0,0,0,0,0,0,0,0,2,0,1,0,0,0,0,0,0,0,0,0,2,2,4,2,0,0,0,0,0,0,0,0,0,0,0,0,0,0,0,0,0,0,0,0,0,0,1,0,0,0,0,0,0,0,0,0,4,3,2,1,0,0,0,0,0,0,0,0,0,0,2,1,0,0,0,0,0,0,0,0,0,0,0,0,0,0,0,0,0,0,0,0,3,2,1,0,0,0,0,0,0,0,0,0,1,0,2,1,0,0,0,0,0,0,0,0,0,0,1,1,0,0,0,0,0,0,0,0,1,1,1,1,0,0,0,0,0,0,0,0,1,1,1,1,0,0,0,0,0,0,0,0,2,1,1,1,0,0,0,0,0,0,0,0,1,0,0,0,0,0,0,0,0,0,0,0,1,0,1,1,0,0,0,0,0,0,0,0
Nick Kyrgios,0,0,0,0,0,0,0,0,0,0,0,0,8,4,8,3,0,0,0,0,0,0,0,0,4,4,5,1,0,0,0,0,0,0,0,0,4,2,3,1,0,0,0,0,0,0,0,0,4,1,4,1,0,0,0,0,0,0,0,0,2,1,3,1,0,0,0,0,0,0,0,0,2,2,1,1,0,0,0,0,0,0,0,0,1,0,3,2,0,0,0,0,0,0,0,0,4,2,3,0,0,0,0,0,0,0,0,0,3,2,1,0,0,0,0,0,0,0,0,0,0,0,1,0,0,0,0,0,0,0,0,0,3,3,5,1,0,0,0,0,0,0,0,0,4,3,1,0,0,0,0,0,0,0,0,0,1,1,1,0,0,0,0,0,0,0,0,0,3,2,2,0,0,0,0,0,0,0,0,0,2,2,1,1,0,0,0,0,0,0,0,0,5,4,0,0,0,0,0,0,0,0,0,0,4,3,0,0,0,0,0,0,0,0,0,0,1,1,0,0,0,0,0,0,0,0,0,0
Ugo Humbert,0,0,0,0,0,0,0,0,0,0,0,0,8,5,8,4,5,3,5,2,0,0,0,0,5,4,4,0,3,3,3,0,0,0,0,0,3,2,4,2,2,1,2,0,0,0,0,0,4,3,4,3,3,2,3,1,0,0,0,0,3,2,2,1,1,1,2,2,0,0,0,0,1,0,2,0,1,0,0,0,0,0,0,0,3,1,1,1,2,2,2,0,0,0,0,0,3,3,4,2,2,1,1,1,0,0,0,0,1,1,3,1,0,0,2,1,0,0,0,0,1,1,0,0,1,1,0,0,0,0,0,0,5,4,3,0,1,1,0,0,0,0,0,0,1,1,4,1,1,1,2,0,0,0,0,0,1,1,1,0,1,0,1,0,0,0,0,0,2,2,3,1,1,1,2,0,0,0,0,0,1,0,2,0,0,0,1,0,0,0,0,0,0,0,5,1,0,0,3,1,0,0,0,0,0,0,4,1,0,0,2,1,0,0,0,0,0,0,1,0,0,0,1,0,0,0,0,0
Roger Federer,0,0,0,0,0,0,0,0,0,0,0,0,1,1,0,0,0,0,0,0,0,0,0,0,0,0,0,0,0,0,0,0,0,0,0,0,0,0,0,0,0,0,0,0,0,0,0,0,0,0,0,0,0,0,0,0,0,0,0,0,0,0,0,0,0,0,0,0,0,0,0,0,0,0,0,0,0,0,0,0,0,0,0,0,0,0,0,0,0,0,0,0,0,0,0,0,0,0,0,0,0,0,0,0,0,0,0,0,0,0,0,0,0,0,0,0,0,0,0,0,0,0,0,0,0,0,0,0,0,0,0,0,0,0,0,0,0,0,0,0,0,0,0,0,0,0,0,0,0,0,0,0,0,0,0,0,0,0,0,0,0,0,0,0,0,0,0,0,0,0,0,0,0,0,0,0,0,0,0,0,0,0,0,0,0,0,0,0,0,0,0,0,0,0,0,0,0,0,0,0,0,0,0,0,0,0,0,0,0,0,0,0,0,0,0,0,0,0,0,0,0,0,0,0,0,0,0,0
Adrian Mannarino,0,0,0,0,0,0,0,0,0,0,0,0,0,0,1,0,4,2,5,1,0,0,0,0,0,0,0,0,2,1,4,0,0,0,0,0,0,0,0,0,2,1,1,0,0,0,0,0,0,0,0,0,1,0,4,1,0,0,0,0,0,0,0,0,2,0,1,1,0,0,0,0,0,0,0,0,1,1,0,0,0,0,0,0,0,0,0,0,0,0,3,2,0,0,0,0,0,0,0,0,1,0,1,0,0,0,0,0,0,0,0,0,3,2,1,0,0,0,0,0,0,0,0,0,0,0,0,0,0,0,0,0,0,0,0,0,0,0,3,1,0,0,0,0,0,0,0,0,3,2,1,1,0,0,0,0,0,0,0,0,1,1,0,0,0,0,0,0,0,0,0,0,2,2,1,1,0,0,0,0,0,0,0,0,2,2,1,1,0,0,0,0,0,0,0,0,4,3,1,1,0,0,0,0,0,0,0,0,3,2,0,0,0,0,0,0,0,0,0,0,1,1,1,1,0,0,0,0
Emil Ruusuvuori,0,0,0,0,0,0,0,0,0,0,0,0,5,2,5,1,0,0,0,0,0,0,0,0,2,1,4,1,0,0,0,0,0,0,0,0,3,3,1,0,0,0,0,0,0,0,0,0,1,1,3,2,0,0,0,0,0,0,0,0,4,2,2,1,0,0,0,0,0,0,0,0,0,0,0,0,0,0,0,0,0,0,0,0,1,0,1,0,0,0,0,0,0,0,0,0,2,2,3,0,0,0,0,0,0,0,0,0,2,2,1,0,0,0,0,0,0,0,0,0,0,0,0,0,0,0,0,0,0,0,0,0,3,2,3,2,0,0,0,0,0,0,0,0,2,1,1,0,0,0,0,0,0,0,0,0,0,0,0,0,0,0,0,0,0,0,0,0,2,1,3,1,0,0,0,0,0,0,0,0,1,1,0,0,0,0,0,0,0,0,0,0,7,2,1,0,0,0,0,0,0,0,0,0,2,1,1,0,0,0,0,0,0,0,0,0,5,4,0,0,0,0,0,0,0,0,0,0
Marcos Giron,0,0,0,0,0,0,0,0,0,0,0,0,5,4,5,3,0,0,0,0,0,0,0,0,4,3,2,1,0,0,0,0,0,0,0,0,1,1,3,0,0,0,0,0,0,0,0,0,3,1,1,0,0,0,0,0,0,0,0,0,2,1,4,2,0,0,0,0,0,0,0,0,0,0,0,0,0,0,0,0,0,0,0,0,1,1,1,1,0,0,0,0,0,0,0,0,3,3,2,0,0,0,0,0,0,0,0,0,1,1,2,0,0,0,0,0,0,0,0,0,0,0,0,0,0,0,0,0,0,0,0,0,3,1,3,1,0,0,0,0,0,0,0,0,1,1,2,1,0,0,0,0,0,0,0,0,0,0,0,0,0,0,0,0,0,0,0,0,3,2,2,1,0,0,0,0,0,0,0,0,0,0,1,0,0,0,0,0,0,0,0,0,1,1,7,5,0,0,0,0,0,0,0,0,1,1,2,1,0,0,0,0,0,0,0,0,0,0,5,1,0,0,0,0,0,0,0,0
Marco Trungelliti,0,0,0,0,0,0,0,0,0,0,0,0,5,2,5,2,5,2,5,2,0,0,0,0,2,2,3,1,2,1,3,2,0,0,0,0,3,0,2,0,3,1,2,0,0,0,0,0,2,1,2,0,1,0,1,0,0,0,0,0,0,0,3,1,2,1,4,1,0,0,0,0,3,3,0,0,2,2,0,0,0,0,0,0,1,1,2,0,0,0,1,0,0,0,0,0,1,1,2,1,2,1,3,3,0,0,0,0,3,3,1,0,3,3,1,0,0,0,0,0,0,0,0,0,0,0,0,0,0,0,0,0,1,1,1,0,1,0,0,0,0,0,0,0,3,3,2,0,4,3,4,2,0,0,0,0,0,0,0,0,0,0,0,0,0,0,0,0,3,1,2,0,4,2,2,0,0,0,0,0,0,0,0,0,1,0,2,2,0,0,0,0,2,1,0,0,3,3,0,0,0,0,0,0,1,1,0,0,3,2,0,0,0,0,0,0,1,0,0,0,0,0,0,0,0,0,0,0
Benjamin Bonzi,0,0,0,0,0,0,0,0,0,0,0,0,5,3,5,3,0,0,0,0,0,0,0,0,3,2,2,0,0,0,0,0,0,0,0,0,2,2,3,3,0,0,0,0,0,0,0,0,2,2,2,1,0,0,0,0,0,0,0,0,3,2,0,0,0,0,0,0,0,0,0,0,0,0,3,0,0,0,0,0,0,0,0,0,2,2,1,0,0,0,0,0,0,0,0,0,2,1,1,0,0,0,0,0,0,0,0,0,1,1,3,0,0,0,0,0,0,0,0,0,0,0,0,0,0,0,0,0,0,0,0,0,1,1,1,0,0,0,0,0,0,0,0,0,2,2,3,0,0,0,0,0,0,0,0,0,0,0,0,0,0,0,0,0,0,0,0,0,2,2,3,2,0,0,0,0,0,0,0,0,0,0,0,0,0,0,0,0,0,0,0,0,0,0,2,1,0,0,0,0,0,0,0,0,0,0,1,0,0,0,0,0,0,0,0,0,0,0,1,1,0,0,0,0,0,0,0,0
Yasutaka Uchiyama,0,0,0,0,0,0,0,0,0,0,0,0,4,1,5,2,0,0,0,0,0,0,0,0,1,1,3,1,0,0,0,0,0,0,0,0,3,2,2,2,0,0,0,0,0,0,0,0,1,0,2,0,0,0,0,0,0,0,0,0,2,1,1,1,0,0,0,0,0,0,0,0,1,1,2,0,0,0,0,0,0,0,0,0,0,0,2,1,0,0,0,0,0,0,0,0,2,2,0,0,0,0,0,0,0,0,0,0,2,2,3,2,0,0,0,0,0,0,0,0,0,0,0,0,0,0,0,0,0,0,0,0,2,1,1,1,0,0,0,0,0,0,0,0,2,0,1,1,0,0,0,0,0,0,0,0,0,0,2,1,0,0,0,0,0,0,0,0,1,0,1,1,0,0,0,0,0,0,0,0,2,1,2,0,0,0,0,0,0,0,0,0,4,2,4,1,0,0,0,0,0,0,0,0,2,1,3,0,0,0,0,0,0,0,0,0,2,1,1,0,0,0,0,0,0,0,0,0
Carlos Alcaraz,0,0,0,0,6,4,6,3,0,0,0,0,5,3,4,3,9,8,9,3,0,0,0,0,3,2,1,0,8,7,6,2,0,0,0,0,2,0,3,1,1,1,3,3,0,0,0,0,2,2,1,1,7,3,4,2,0,0,0,0,1,0,2,1,2,2,2,0,0,0,0,0,2,2,1,0,0,0,3,2,0,0,0,0,2,1,0,0,3,3,2,0,0,0,0,0,0,0,2,0,6,3,4,1,0,0,0,0,3,1,2,0,0,0,1,1,0,0,0,0,0,0,0,0,0,0,2,0,0,0,0,0,1,0,2,1,3,1,3,0,0,0,0,0,1,0,2,2,3,2,1,0,0,0,0,0,2,1,0,0,0,0,3,2,0,0,0,0,1,0,1,1,4,3,1,0,0,0,0,0,2,2,2,1,1,1,1,1,0,0,0,0,4,3,4,2,3,3,0,0,0,0,0,0,3,3,2,1,3,2,0,0,0,0,0,0,1,1,2,1,0,0,0,0,0,0,0,0
Andy Murray,0,0,0,0,0,0,0,0,0,0,0,0,4,4,4,2,5,4,5,3,0,0,0,0,4,2,2,2,4,3,2,1,0,0,0,0,0,0,2,0,1,1,3,1,0,0,0,0,2,2,0,0,3,1,1,0,0,0,0,0,2,1,4,3,2,2,3,0,0,0,0,0,0,0,0,0,0,0,1,0,0,0,0,0,2,1,0,0,1,1,1,0,0,0,0,0,1,0,1,0,4,3,3,1,0,0,0,0,1,1,3,2,0,0,1,0,0,0,0,0,0,0,0,0,0,0,0,0,0,0,0,0,1,1,1,1,3,1,2,0,0,0,0,0,2,2,1,0,1,0,2,1,0,0,0,0,0,0,2,1,0,0,0,0,0,0,0,0,2,0,2,0,2,2,1,1,0,0,0,0,0,0,1,1,1,0,1,0,0,0,0,0,6,6,0,0,0,0,2,0,0,0,0,0,6,2,0,0,0,0,2,0,0,0,0,0,0,0,0,0,0,0,0,0,0,0,0,0
Dominik Koepfer,0,0,0,0,0,0,0,0,0,0,0,0,5,4,4,1,5,3,5,2,0,0,0,0,4,3,3,1,3,2,3,2,0,0,0,0,1,1,1,1,2,1,2,1,0,0,0,0,3,2,2,1,2,1,1,0,0,0,0,0,2,2,1,0,2,2,3,2,0,0,0,0,0,0,1,0,1,0,1,0,0,0,0,0,2,1,1,0,1,1,1,0,0,0,0,0,3,1,2,2,3,1,1,1,0,0,0,0,0,0,1,0,0,0,3,2,0,0,0,0,0,0,0,0,1,1,0,0,0,0,0,0,2,1,0,0,1,0,0,0,0,0,0,0,2,2,3,0,2,1,2,2,0,0,0,0,0,0,0,0,1,1,2,0,0,0,0,0,3,1,3,1,2,2,0,0,0,0,0,0,0,0,0,0,2,2,4,0,0,0,0,0,4,2,3,2,6,4,10,3,0,0,0,0,2,2,1,1,4,2,7,4,0,0,0,0,2,2,2,1,2,2,3,1,0,0,0,0
Soonwoo Kwon,0,0,0,0,0,0,0,0,0,0,0,0,4,3,5,1,0,0,0,0,0,0,0,0,3,2,4,1,0,0,0,0,0,0,0,0,1,0,1,0,0,0,0,0,0,0,0,0,2,1,3,1,0,0,0,0,0,0,0,0,1,1,2,0,0,0,0,0,0,0,0,0,1,1,0,0,0,0,0,0,0,0,0,0,1,1,2,1,0,0,0,0,0,0,0,0,2,0,3,2,0,0,0,0,0,0,0,0,1,1,0,0,0,0,0,0,0,0,0,0,0,0,0,0,0,0,0,0,0,0,0,0,0,0,2,1,0,0,0,0,0,0,0,0,3,3,2,0,0,0,0,0,0,0,0,0,0,0,0,0,0,0,0,0,0,0,0,0,3,2,3,2,0,0,0,0,0,0,0,0,0,0,0,0,0,0,0,0,0,0,0,0,3,1,4,2,0,0,0,0,0,0,0,0,1,0,2,0,0,0,0,0,0,0,0,0,2,1,2,0,0,0,0,0,0,0,0,0
Miomir Kecmanovic,0,0,0,0,0,0,0,0,0,0,0,0,4,2,5,3,5,2,5,2,0,0,0,0,2,2,2,1,2,2,3,0,0,0,0,0,2,0,3,1,3,2,2,1,0,0,0,0,2,1,1,1,2,2,3,0,0,0,0,0,0,0,3,2,2,1,1,0,0,0,0,0,2,2,1,0,1,1,1,0,0,0,0,0,1,1,0,0,2,2,3,1,0,0,0,0,1,1,2,0,1,0,1,0,0,0,0,0,2,2,3,0,2,1,1,0,0,0,0,0,0,0,0,0,0,0,0,0,0,0,0,0,1,1,2,1,0,0,2,1,0,0,0,0,2,2,3,0,2,0,1,0,0,0,0,0,0,0,0,0,1,1,0,0,0,0,0,0,2,1,4,1,0,0,2,0,0,0,0,0,0,0,0,0,3,3,0,0,0,0,0,0,1,0,1,0,3,2,0,0,0,0,0,0,0,0,1,0,2,2,0,0,0,0,0,0,1,0,0,0,1,0,0,0,0,0,0,0
Roberto Bautista Agut,0,0,0,0,0,0,0,0,0,0,0,0,5,2,4,2,4,3,5,2,0,0,0,0,2,1,2,0,3,1,3,2,0,0,0,0,3,2,2,2,1,1,2,2,0,0,0,0,1,0,2,1,1,1,1,0,0,0,0,0,3,1,0,0,3,2,2,0,0,0,0,0,1,1,2,0,0,0,2,0,0,0,0,0,0,0,1,0,1,0,1,1,0,0,0,0,2,2,1,0,2,2,2,0,0,0,0,0,3,3,2,0,1,0,2,0,0,0,0,0,0,0,0,0,0,0,0,0,0,0,0,0,2,1,1,0,3,1,3,1,0,0,0,0,3,3,2,0,0,0,2,0,0,0,0,0,0,0,0,0,1,0,0,0,0,0,0,0,4,3,2,1,2,1,3,2,0,0,0,0,0,0,0,0,0,0,0,0,0,0,0,0,1,1,1,1,2,2,5,3,0,0,0,0,1,1,0,0,2,1,2,0,0,0,0,0,0,0,1,1,0,0,3,0,0,0,0,0
Taylor Fritz,0,0,0,0,0,0,0,0,0,0,0,0,5,2,5,4,0,0,0,0,0,0,0,0,2,2,1,0,0,0,0,0,0,0,0,0,3,3,4,2,0,0,0,0,0,0,0,0,2,2,1,0,0,0,0,0,0,0,0,0,3,1,2,1,0,0,0,0,0,0,0,0,0,0,2,1,0,0,0,0,0,0,0,0,2,1,1,0,0,0,0,0,0,0,0,0,1,1,1,0,0,0,0,0,0,0,0,0,2,2,2,1,0,0,0,0,0,0,0,0,0,0,1,0,0,0,0,0,0,0,0,0,2,2,1,1,0,0,0,0,0,0,0,0,2,1,1,0,0,0,0,0,0,0,0,0,0,0,2,1,0,0,0,0,0,0,0,0,1,0,2,1,0,0,0,0,0,0,0,0,1,1,1,0,0,0,0,0,0,0,0,0,7,4,5,3,0,0,0,0,0,0,0,0,4,2,2,0,0,0,0,0,0,0,0,0,3,3,3,0,0,0,0,0,0,0,0,0
Steve Johnson,0,0,0,0,0,0,0,0,0,0,0,0,5,1,5,3,0,0,0,0,0,0,0,0,1,1,2,0,0,0,0,0,0,0,0,0,4,2,3,0,0,0,0,0,0,0,0,0,1,1,2,0,0,0,0,0,0,0,0,0,2,1,3,2,0,0,0,0,0,0,0,0,2,1,0,0,0,0,0,0,0,0,0,0,1,1,2,1,0,0,0,0,0,0,0,0,1,1,1,0,0,0,0,0,0,0,0,0,2,1,2,0,0,0,0,0,0,0,0,0,1,1,0,0,0,0,0,0,0,0,0,0,1,0,2,0,0,0,0,0,0,0,0,0,1,1,2,1,0,0,0,0,0,0,0,0,2,1,0,0,0,0,0,0,0,0,0,0,2,1,1,1,0,0,0,0,0,0,0,0,1,1,1,0,0,0,0,0,0,0,0,0,5,2,7,3,0,0,0,0,0,0,0,0,2,2,4,2,0,0,0,0,0,0,0,0,3,3,3,0,0,0,0,0,0,0,0,0
Marin Cilic,0,0,0,0,0,0,0,0,0,0,0,0,4,3,4,0,1,0,2,0,0,0,0,0,3,2,4,1,0,0,1,0,0,0,0,0,1,0,0,0,1,0,0,0,0,0,0,0,2,0,3,0,0,0,1,0,0,0,0,0,1,0,1,0,0,0,0,0,0,0,0,0,1,0,0,0,1,0,0,0,0,0,0,0,0,0,3,3,0,0,1,1,0,0,0,0,2,1,1,1,0,0,0,0,0,0,0,0,1,0,0,0,0,0,0,0,0,0,0,0,1,1,0,0,1,0,0,0,0,0,0,0,1,1,3,1,0,0,1,1,0,0,0,0,1,0,1,0,0,0,0,0,0,0,0,0,2,0,0,0,0,0,0,0,0,0,0,0,0,0,2,1,0,0,1,0,0,0,0,0,1,0,0,0,0,0,0,0,0,0,0,0,0,0,1,1,0,0,0,0,0,0,0,0,0,0,0,0,0,0,0,0,0,0,0,0,0,0,1,1,0,0,0,0,0,0,0,0
Daniil Medvedev,0,0,0,0,0,0,0,0,0,0,0,0,9,6,8,3,0,0,0,0,0,0,0,0,6,4,5,1,0,0,0,0,0,0,0,0,3,2,3,1,0,0,0,0,0,0,0,0,4,3,4,2,0,0,0,0,0,0,0,0,4,3,3,1,0,0,0,0,0,0,0,0,1,0,1,1,0,0,0,0,0,0,0,0,3,0,2,1,0,0,0,0,0,0,0,0,4,2,4,1,0,0,0,0,0,0,0,0,1,1,1,1,0,0,0,0,0,0,0,0,1,0,1,0,0,0,0,0,0,0,0,0,5,3,4,1,0,0,0,0,0,0,0,0,3,2,1,1,0,0,0,0,0,0,0,0,0,0,2,2,0,0,0,0,0,0,0,0,4,1,1,0,0,0,0,0,0,0,0,0,1,0,1,1,0,0,0,0,0,0,0,0,4,3,0,0,0,0,0,0,0,0,0,0,3,2,0,0,0,0,0,0,0,0,0,0,1,0,0,0,0,0,0,0,0,0,0,0
Marton Fucsovics,0,0,0,0,14,7,14,6,0,0,0,0,5,4,4,3,6,4,6,1,0,0,0,0,4,1,1,0,4,2,5,1,0,0,0,0,1,1,3,1,2,2,1,0,0,0,0,0,1,1,1,0,2,1,4,3,0,0,0,0,4,4,2,1,4,2,2,1,0,0,0,0,0,0,1,1,0,0,0,0,0,0,0,0,1,1,1,1,1,1,1,0,0,0,0,0,4,2,1,1,3,3,4,3,0,0,0,0,0,0,1,1,2,2,1,0,0,0,0,0,0,0,1,0,0,0,0,0,0,0,0,0,2,2,1,0,3,2,1,0,0,0,0,0,2,0,1,0,2,1,4,1,0,0,0,0,0,0,2,2,0,0,0,0,0,0,0,0,0,0,1,0,2,1,3,0,0,0,0,0,2,2,0,0,1,0,1,1,0,0,0,0,2,1,0,0,2,1,0,0,0,0,0,0,1,1,0,0,1,1,0,0,0,0,0,0,1,0,0,0,1,1,0,0,0,0,0,0
Andrey Rublev,0,0,0,0,0,0,0,0,0,0,0,0,4,1,5,1,3,2,4,2,0,0,0,0,1,1,4,3,2,0,2,1,0,0,0,0,3,2,1,0,1,1,2,0,0,0,0,0,1,1,1,0,0,0,1,0,0,0,0,0,2,1,4,0,3,1,3,0,0,0,0,0,1,0,0,0,0,0,0,0,0,0,0,0,1,0,1,0,0,0,1,0,0,0,0,0,1,0,4,2,1,1,3,2,0,0,0,0,1,0,0,0,2,1,0,0,0,0,0,0,1,1,0,0,0,0,0,0,0,0,0,0,1,1,2,0,1,1,1,1,0,0,0,0,1,1,2,2,1,0,2,0,0,0,0,0,2,0,0,0,1,1,0,0,0,0,0,0,1,1,0,0,0,0,3,2,0,0,0,0,0,0,2,0,2,0,0,0,0,0,0,0,0,0,2,1,0,0,4,0,0,0,0,0,0,0,1,0,0,0,4,2,0,0,0,0,0,0,1,1,0,0,0,0,0,0,0,0
Karen Khachanov,0,0,0,0,0,0,0,0,0,0,0,0,14,8,14,5,4,1,4,0,0,0,0,0,8,5,9,4,1,1,4,1,0,0,0,0,6,3,5,3,3,2,0,0,0,0,0,0,5,3,5,3,1,0,3,2,0,0,0,0,6,2,6,4,2,1,1,0,0,0,0,0,3,2,3,2,1,0,0,0,0,0,0,0,3,1,2,1,0,0,1,0,0,0,0,0,4,1,5,0,2,1,3,2,0,0,0,0,6,1,5,5,1,0,0,0,0,0,0,0,1,1,2,2,1,0,0,0,0,0,0,0,3,0,6,1,1,1,1,0,0,0,0,0,4,1,0,0,1,1,2,0,0,0,0,0,6,4,5,2,1,1,0,0,0,0,0,0,4,4,1,0,1,1,2,0,0,0,0,0,7,7,3,2,1,1,0,0,0,0,0,0,11,4,1,1,2,0,0,0,0,0,0,0,4,2,0,0,0,0,0,0,0,0,0,0,7,2,1,1,2,1,0,0,0,0,0,0
Sebastian Korda,0,0,0,0,0,0,0,0,0,0,0,0,9,4,9,4,0,0,0,0,0,0,0,0,4,1,5,3,0,0,0,0,0,0,0,0,5,2,4,2,0,0,0,0,0,0,0,0,1,0,2,1,0,0,0,0,0,0,0,0,5,1,5,3,0,0,0,0,0,0,0,0,3,1,2,0,0,0,0,0,0,0,0,0,0,0,1,0,0,0,0,0,0,0,0,0,2,2,3,2,0,0,0,0,0,0,0,0,5,0,5,5,0,0,0,0,0,0,0,0,2,0,0,0,0,0,0,0,0,0,0,0,2,1,1,1,0,0,0,0,0,0,0,0,0,0,2,2,0,0,0,0,0,0,0,0,5,3,5,2,0,0,0,0,0,0,0,0,1,1,1,0,0,0,0,0,0,0,0,0,3,1,5,0,0,0,0,0,0,0,0,0,1,0,6,4,0,0,0,0,0,0,0,0,0,0,2,1,0,0,0,0,0,0,0,0,1,0,4,4,0,0,0,0,0,0,0,0
Felix Auger Aliassime,0,0,0,0,0,0,0,0,0,0,0,0,5,4,5,2,5,3,4,1,0,0,0,0,4,4,3,2,3,1,3,2,0,0,0,0,1,0,2,1,2,0,1,0,0,0,0,0,4,1,1,1,1,1,1,0,0,0,0,0,0,0,3,1,2,2,3,1,0,0,0,0,1,0,1,0,2,2,0,0,0,0,0,0,1,1,0,0,1,0,1,1,0,0,0,0,3,3,3,1,2,2,2,0,0,0,0,0,0,0,2,2,2,2,1,1,0,0,0,0,1,0,0,0,0,0,0,0,0,0,0,0,3,1,2,0,3,2,3,2,0,0,0,0,0,0,1,1,2,2,0,0,0,0,0,0,0,0,2,1,0,0,1,1,0,0,0,0,2,1,0,0,3,1,2,1,0,0,0,0,0,0,2,1,0,0,0,0,0,0,0,0,1,1,5,2,5,2,2,0,0,0,0,0,1,1,3,2,2,2,2,1,0,0,0,0,0,0,2,0,3,3,0,0,0,0,0,0
Alexander Zverev,0,0,0,0,0,0,0,0,0,0,0,0,5,3,5,1,4,2,4,2,0,0,0,0,3,1,4,0,2,1,2,1,0,0,0,0,2,1,1,1,2,2,2,1,0,0,0,0,1,0,4,3,1,0,1,0,0,0,0,0,3,2,0,0,3,2,2,0,0,0,0,0,1,1,1,1,0,0,1,0,0,0,0,0,0,0,1,0,0,0,1,0,0,0,0,0,3,2,3,0,3,1,2,0,0,0,0,0,2,0,0,0,1,1,1,1,0,0,0,0,0,0,1,1,0,0,0,0,0,0,0,0,2,2,3,2,1,1,2,0,0,0,0,0,1,0,0,0,3,0,0,0,0,0,0,0,2,1,0,0,0,0,1,0,0,0,0,0,0,0,2,1,0,0,0,0,0,0,0,0,2,1,0,0,3,0,1,0,0,0,0,0,5,3,1,0,0,0,3,3,0,0,0,0,3,1,1,0,0,0,0,0,0,0,0,0,2,2,0,0,0,0,3,1,0,0,0,0
Hubert Hurkacz,0,0,0,0,0,0,0,0,0,0,0,0,4,2,5,3,0,0,0,0,0,0,0,0,2,2,2,1,0,0,0,0,0,0,0,0,2,2,3,1,0,0,0,0,0,0,0,0,2,2,1,1,0,0,0,0,0,0,0,0,2,2,3,1,0,0,0,0,0,0,0,0,0,0,1,1,0,0,0,0,0,0,0,0,2,1,0,0,0,0,0,0,0,0,0,0,2,2,3,1,0,0,0,0,0,0,0,0,0,0,1,0,0,0,0,0,0,0,0,0,0,0,1,1,0,0,0,0,0,0,0,0,3,2,2,1,0,0,0,0,0,0,0,0,0,0,2,1,0,0,0,0,0,0,0,0,0,0,0,0,0,0,0,0,0,0,0,0,1,1,2,2,0,0,0,0,0,0,0,0,0,0,1,1,0,0,0,0,0,0,0,0,0,0,3,0,0,0,0,0,0,0,0,0,0,0,3,1,0,0,0,0,0,0,0,0,0,0,0,0,0,0,0,0,0,0,0,0
Tallon Griekspoor,0,0,0,0,0,0,0,0,0,0,0,0,0,0,0,0,6,6,5,2,0,0,0,0,0,0,0,0,6,5,4,1,0,0,0,0,0,0,0,0,0,0,2,0,0,0,0,0,0,0,0,0,5,4,3,0,0,0,0,0,0,0,0,0,1,1,3,2,0,0,0,0,0,0,0,0,0,0,0,0,0,0,0,0,0,0,0,0,4,4,3,0,0,0,0,0,0,0,0,0,2,2,1,1,0,0,0,0,0,0,0,0,0,0,2,1,0,0,0,0,0,0,0,0,0,0,0,0,0,0,0,0,0,0,0,0,2,2,0,0,0,0,0,0,0,0,0,0,0,0,2,0,0,0,0,0,0,0,0,0,0,0,1,0,0,0,0,0,0,0,0,0,0,0,2,2,0,0,0,0,0,0,0,0,0,0,1,1,0,0,0,0,0,0,0,0,0,0,5,2,0,0,0,0,0,0,0,0,0,0,3,1,0,0,0,0,0,0,0,0,0,0,2,0,0,0,0,0
Jan Lennard Struff,0,0,0,0,0,0,0,0,0,0,0,0,0,0,0,0,5,3,6,0,0,0,0,0,0,0,0,0,4,3,6,1,0,0,0,0,0,0,0,0,2,2,0,0,0,0,0,0,0,0,0,0,3,3,5,1,0,0,0,0,0,0,0,0,3,1,1,0,0,0,0,0,0,0,0,0,0,0,0,0,0,0,0,0,0,0,0,0,3,3,4,0,0,0,0,0,0,0,0,0,1,0,2,0,0,0,0,0,0,0,0,0,2,1,0,0,0,0,0,0,0,0,0,0,0,0,0,0,0,0,0,0,0,0,0,0,0,0,2,0,0,0,0,0,0,0,0,0,2,2,0,0,0,0,0,0,0,0,0,0,1,1,0,0,0,0,0,0,0,0,0,0,2,0,0,0,0,0,0,0,0,0,0,0,1,0,0,0,0,0,0,0,0,0,0,0,5,3,0,0,0,0,0,0,0,0,0,0,3,2,0,0,0,0,0,0,0,0,0,0,2,2,0,0,0,0,0,0
Gianluca Mager,0,0,0,0,5,2,5,1,0,0,0,0,0,0,0,0,6,4,6,1,0,0,0,0,0,0,0,0,4,3,5,1,0,0,0,0,0,0,0,0,2,1,1,0,0,0,0,0,0,0,0,0,3,1,4,1,0,0,0,0,0,0,0,0,2,1,2,1,0,0,0,0,0,0,0,0,1,1,0,0,0,0,0,0,0,0,0,0,1,1,3,1,0,0,0,0,0,0,0,0,3,0,2,0,0,0,0,0,0,0,0,0,2,2,1,1,0,0,0,0,0,0,0,0,0,0,0,0,0,0,0,0,0,0,0,0,0,0,3,1,0,0,0,0,0,0,0,0,5,4,0,0,0,0,0,0,0,0,0,0,0,0,1,0,0,0,0,0,0,0,0,0,4,1,1,0,0,0,0,0,0,0,0,0,1,1,1,0,0,0,0,0,0,0,0,0,10,9,4,2,0,0,0,0,0,0,0,0,9,4,2,1,0,0,0,0,0,0,0,0,1,1,2,0,0,0,0,0
Andreas Seppi,0,0,0,0,14,8,14,7,0,0,0,0,0,0,0,0,6,5,6,2,0,0,0,0,0,0,0,0,5,4,4,2,0,0,0,0,0,0,0,0,1,1,2,0,0,0,0,0,0,0,0,0,4,1,2,1,0,0,0,0,0,0,0,0,2,1,4,2,0,0,0,0,0,0,0,0,0,0,0,0,0,0,0,0,0,0,0,0,1,1,1,0,0,0,0,0,0,0,0,0,4,1,3,0,0,0,0,0,0,0,0,0,1,1,2,0,0,0,0,0,0,0,0,0,0,0,0,0,0,0,0,0,0,0,0,0,1,1,3,1,0,0,0,0,0,0,0,0,4,3,2,1,0,0,0,0,0,0,0,0,0,0,0,0,0,0,0,0,0,0,0,0,3,3,2,1,0,0,0,0,0,0,0,0,1,0,1,1,0,0,0,0,0,0,0,0,0,0,2,1,0,0,0,0,0,0,0,0,0,0,1,0,0,0,0,0,0,0,0,0,0,0,1,0,0,0,0,0
Fabio Fognini,0,0,0,0,5,3,6,1,0,0,0,0,0,0,0,0,6,3,6,1,0,0,0,0,0,0,0,0,3,0,5,1,0,0,0,0,0,0,0,0,3,3,1,1,0,0,0,0,0,0,0,0,0,0,4,2,0,0,0,0,0,0,0,0,6,4,1,1,0,0,0,0,0,0,0,0,0,0,1,0,0,0,0,0,0,0,0,0,0,0,2,1,0,0,0,0,0,0,0,0,4,2,2,1,0,0,0,0,0,0,0,0,2,1,2,0,0,0,0,0,0,0,0,0,0,0,0,0,0,0,0,0,0,0,0,0,2,2,2,0,0,0,0,0,0,0,0,0,3,2,3,1,0,0,0,0,0,0,0,0,1,0,0,0,0,0,0,0,0,0,0,0,2,2,2,1,0,0,0,0,0,0,0,0,1,1,1,0,0,0,0,0,0,0,0,0,1,1,5,2,0,0,0,0,0,0,0,0,1,1,3,2,0,0,0,0,0,0,0,0,0,0,2,1,0,0,0,0
Vasek Pospisil,0,0,0,0,6,5,5,2,0,0,0,0,0,0,0,0,6,5,6,3,0,0,0,0,0,0,0,0,5,4,3,3,0,0,0,0,0,0,0,0,1,0,3,0,0,0,0,0,0,0,0,0,4,2,0,0,0,0,0,0,0,0,0,0,1,0,6,2,0,0,0,0,0,0,0,0,1,1,0,0,0,0,0,0,0,0,0,0,2,1,0,0,0,0,0,0,0,0,0,0,2,1,4,2,0,0,0,0,0,0,0,0,2,2,2,1,0,0,0,0,0,0,0,0,0,0,0,0,0,0,0,0,0,0,0,0,2,2,2,0,0,0,0,0,0,0,0,0,3,2,3,1,0,0,0,0,0,0,0,0,0,0,1,1,0,0,0,0,0,0,0,0,2,1,2,0,0,0,0,0,0,0,0,0,1,1,1,0,0,0,0,0,0,0,0,0,5,3,1,0,0,0,0,0,0,0,0,0,3,1,1,0,0,0,0,0,0,0,0,0,2,1,0,0,0,0,0,0
Albert Ramos Vinolas,0,0,0,0,0,0,0,0,0,0,0,0,0,0,0,0,5,5,5,4,0,0,0,0,0,0,0,0,5,4,1,0,0,0,0,0,0,0,0,0,0,0,4,0,0,0,0,0,0,0,0,0,4,4,1,0,0,0,0,0,0,0,0,0,1,1,4,2,0,0,0,0,0,0,0,0,0,0,0,0,0,0,0,0,0,0,0,0,4,4,1,1,0,0,0,0,0,0,0,0,1,1,2,1,0,0,0,0,0,0,0,0,0,0,2,0,0,0,0,0,0,0,0,0,0,0,0,0,0,0,0,0,0,0,0,0,1,1,2,1,0,0,0,0,0,0,0,0,0,0,3,3,0,0,0,0,0,0,0,0,0,0,0,0,0,0,0,0,0,0,0,0,0,0,1,1,0,0,0,0,0,0,0,0,0,0,3,0,0,0,0,0,0,0,0,0,0,0,6,2,0,0,0,0,0,0,0,0,0,0,4,1,0,0,0,0,0,0,0,0,0,0,2,1,0,0,0,0
Lucas Pouille,0,0,0,0,0,0,0,0,0,0,0,0,0,0,0,0,5,1,5,0,0,0,0,0,0,0,0,0,1,1,5,1,0,0,0,0,0,0,0,0,4,4,0,0,0,0,0,0,0,0,0,0,1,1,4,0,0,0,0,0,0,0,0,0,4,2,1,0,0,0,0,0,0,0,0,0,0,0,0,0,0,0,0,0,0,0,0,0,1,0,4,0,0,0,0,0,0,0,0,0,2,1,1,0,0,0,0,0,0,0,0,0,2,2,0,0,0,0,0,0,0,0,0,0,0,0,0,0,0,0,0,0,0,0,0,0,2,1,1,0,0,0,0,0,0,0,0,0,3,0,0,0,0,0,0,0,0,0,0,0,0,0,0,0,0,0,0,0,0,0,0,0,1,0,0,0,0,0,0,0,0,0,0,0,3,3,0,0,0,0,0,0,0,0,0,0,6,4,0,0,0,0,0,0,0,0,0,0,4,3,0,0,0,0,0,0,0,0,0,0,2,1,0,0,0,0,0,0
Pablo Carreno Busta,0,0,0,0,8,5,8,2,0,0,0,0,0,0,0,0,6,5,6,1,0,0,0,0,0,0,0,0,5,3,5,0,0,0,0,0,0,0,0,0,1,1,1,0,0,0,0,0,0,0,0,0,3,3,5,1,0,0,0,0,0,0,0,0,3,3,1,0,0,0,0,0,0,0,0,0,0,0,0,0,0,0,0,0,0,0,0,0,3,0,4,1,0,0,0,0,0,0,0,0,3,3,2,1,0,0,0,0,0,0,0,0,0,0,0,0,0,0,0,0,0,0,0,0,0,0,0,0,0,0,0,0,0,0,0,0,6,2,2,1,0,0,0,0,0,0,0,0,0,0,1,0,0,0,0,0,0,0,0,0,0,0,0,0,0,0,0,0,0,0,0,0,4,4,2,0,0,0,0,0,0,0,0,0,0,0,0,0,0,0,0,0,0,0,0,0,0,0,0,0,0,0,0,0,0,0,0,0,0,0,0,0,0,0,0,0,0,0,0,0,0,0,0,0,0,0,0,0
Maxime Cressy,0,0,0,0,8,6,8,3,0,0,0,0,0,0,0,0,6,5,6,1,0,0,0,0,0,0,0,0,5,5,5,2,0,0,0,0,0,0,0,0,1,1,1,0,0,0,0,0,0,0,0,0,5,4,3,0,0,0,0,0,0,0,0,0,1,1,3,0,0,0,0,0,0,0,0,0,0,0,0,0,0,0,0,0,0,0,0,0,4,3,3,3,0,0,0,0,0,0,0,0,2,1,3,0,0,0,0,0,0,0,0,0,0,0,0,0,0,0,0,0,0,0,0,0,0,0,0,0,0,0,0,0,0,0,0,0,2,1,6,4,0,0,0,0,0,0,0,0,1,1,0,0,0,0,0,0,0,0,0,0,0,0,0,0,0,0,0,0,0,0,0,0,2,2,4,0,0,0,0,0,0,0,0,0,0,0,0,0,0,0,0,0,0,0,0,0,0,0,0,0,0,0,0,0,0,0,0,0,0,0,0,0,0,0,0,0,0,0,0,0,0,0,0,0,0,0,0,0
Lloyd Harris,0,0,0,0,0,0,0,0,0,0,0,0,0,0,0,0,4,4,4,3,0,0,0,0,0,0,0,0,4,3,1,0,0,0,0,0,0,0,0,0,0,0,3,1,0,0,0,0,0,0,0,0,3,1,1,1,0,0,0,0,0,0,0,0,1,1,2,1,0,0,0,0,0,0,0,0,0,0,1,1,0,0,0,0,0,0,0,0,1,1,0,0,0,0,0,0,0,0,0,0,3,1,2,1,0,0,0,0,0,0,0,0,0,0,1,1,0,0,0,0,0,0,0,0,0,0,1,1,0,0,0,0,0,0,0,0,1,1,1,0,0,0,0,0,0,0,0,0,2,2,1,0,0,0,0,0,0,0,0,0,0,0,1,0,0,0,0,0,0,0,0,0,2,2,1,0,0,0,0,0,0,0,0,0,0,0,1,0,0,0,0,0,0,0,0,0,0,0,2,2,0,0,0,0,0,0,0,0,0,0,0,0,0,0,0,0,0,0,0,0,0,0,2,1,0,0,0,0
Pedro Martinez,0,0,0,0,0,0,0,0,0,0,0,0,0,0,0,0,4,4,4,2,0,0,0,0,0,0,0,0,4,2,2,1,0,0,0,0,0,0,0,0,0,0,2,1,0,0,0,0,0,0,0,0,2,1,1,0,0,0,0,0,0,0,0,0,2,2,2,2,0,0,0,0,0,0,0,0,0,0,1,1,0,0,0,0,0,0,0,0,1,1,1,1,0,0,0,0,0,0,0,0,3,1,0,0,0,0,0,0,0,0,0,0,0,0,2,2,0,0,0,0,0,0,0,0,0,0,1,1,0,0,0,0,0,0,0,0,1,1,1,1,0,0,0,0,0,0,0,0,2,0,0,0,0,0,0,0,0,0,0,0,0,0,2,1,0,0,0,0,0,0,0,0,0,0,1,0,0,0,0,0,0,0,0,0,2,1,1,0,0,0,0,0,0,0,0,0,1,1,2,2,0,0,0,0,0,0,0,0,1,1,0,0,0,0,0,0,0,0,0,0,0,0,2,1,0,0,0,0
James Duckworth,0,0,0,0,0,0,0,0,0,0,0,0,0,0,0,0,4,2,4,0,0,0,0,0,0,0,0,0,2,1,4,2,0,0,0,0,0,0,0,0,2,1,0,0,0,0,0,0,0,0,0,0,1,1,2,1,0,0,0,0,0,0,0,0,2,0,2,0,0,0,0,0,0,0,0,0,1,0,0,0,0,0,0,0,0,0,0,0,1,0,1,0,0,0,0,0,0,0,0,0,0,0,3,2,0,0,0,0,0,0,0,0,2,0,0,0,0,0,0,0,0,0,0,0,1,0,0,0,0,0,0,0,0,0,0,0,1,0,1,0,0,0,0,0,0,0,0,0,0,0,2,2,0,0,0,0,0,0,0,0,2,1,0,0,0,0,0,0,0,0,0,0,1,1,0,0,0,0,0,0,0,0,0,0,1,1,2,1,0,0,0,0,0,0,0,0,2,0,1,0,0,0,0,0,0,0,0,0,0,0,1,0,0,0,0,0,0,0,0,0,2,1,0,0,0,0,0,0
Feliciano Lopez,0,0,0,0,0,0,0,0,0,0,0,0,0,0,0,0,5,2,4,2,0,0,0,0,0,0,0,0,2,0,2,0,0,0,0,0,0,0,0,0,3,0,2,0,0,0,0,0,0,0,0,0,0,0,2,1,0,0,0,0,0,0,0,0,2,2,2,0,0,0,0,0,0,0,0,0,3,2,0,0,0,0,0,0,0,0,0,0,0,0,1,0,0,0,0,0,0,0,0,0,2,1,3,1,0,0,0,0,0,0,0,0,2,2,0,0,0,0,0,0,0,0,0,0,1,0,0,0,0,0,0,0,0,0,0,0,1,1,2,0,0,0,0,0,0,0,0,0,3,1,1,0,0,0,0,0,0,0,0,0,0,0,0,0,0,0,0,0,0,0,0,0,1,0,1,0,0,0,0,0,0,0,0,0,2,1,0,0,0,0,0,0,0,0,0,0,4,2,0,0,0,0,0,0,0,0,0,0,2,2,0,0,0,0,0,0,0,0,0,0,2,2,0,0,0,0,0,0
Peter Gojowczyk,0,0,0,0,0,0,0,0,0,0,0,0,0,0,0,0,13,6,13,5,0,0,0,0,0,0,0,0,6,4,8,3,0,0,0,0,0,0,0,0,7,4,5,2,0,0,0,0,0,0,0,0,4,3,5,1,0,0,0,0,0,0,0,0,6,3,6,0,0,0,0,0,0,0,0,0,3,1,2,1,0,0,0,0,0,0,0,0,3,3,4,0,0,0,0,0,0,0,0,0,4,2,7,3,0,0,0,0,0,0,0,0,4,1,1,0,0,0,0,0,0,0,0,0,2,2,1,0,0,0,0,0,0,0,0,0,2,2,4,1,0,0,0,0,0,0,0,0,3,3,4,1,0,0,0,0,0,0,0,0,5,3,1,1,0,0,0,0,0,0,0,0,3,3,4,0,0,0,0,0,0,0,0,0,3,2,1,1,0,0,0,0,0,0,0,0,4,3,0,0,0,0,0,0,0,0,0,0,3,2,0,0,0,0,0,0,0,0,0,0,1,1,0,0,0,0,0,0
Stefanos Tsitsipas,0,0,0,0,6,3,6,2,0,0,0,0,0,0,0,0,11,8,11,1,0,0,0,0,0,0,0,0,8,5,10,1,0,0,0,0,0,0,0,0,3,2,1,0,0,0,0,0,0,0,0,0,5,3,9,6,0,0,0,0,0,0,0,0,5,5,2,0,0,0,0,0,0,0,0,0,1,1,0,0,0,0,0,0,0,0,0,0,3,3,3,0,0,0,0,0,0,0,0,0,7,5,8,3,0,0,0,0,0,0,0,0,1,1,0,0,0,0,0,0,0,0,0,0,0,0,0,0,0,0,0,0,0,0,0,0,5,5,5,4,0,0,0,0,0,0,0,0,3,2,3,2,0,0,0,0,0,0,0,0,0,0,0,0,0,0,0,0,0,0,0,0,2,1,5,1,0,0,0,0,0,0,0,0,1,1,2,1,0,0,0,0,0,0,0,0,2,2,3,0,0,0,0,0,0,0,0,0,2,2,3,1,0,0,0,0,0,0,0,0,0,0,0,0,0,0,0,0
Botic Van De Zandschulp,0,0,0,0,0,0,0,0,0,0,0,0,0,0,0,0,9,6,7,3,0,0,0,0,0,0,0,0,6,5,4,1,0,0,0,0,0,0,0,0,3,1,3,2,0,0,0,0,0,0,0,0,5,4,3,1,0,0,0,0,0,0,0,0,2,2,2,1,0,0,0,0,0,0,0,0,2,1,2,1,0,0,0,0,0,0,0,0,4,4,2,2,0,0,0,0,0,0,0,0,3,2,2,2,0,0,0,0,0,0,0,0,1,0,2,1,0,0,0,0,0,0,0,0,1,1,1,0,0,0,0,0,0,0,0,0,2,1,2,0,0,0,0,0,0,0,0,0,1,1,3,3,0,0,0,0,0,0,0,0,2,0,2,1,0,0,0,0,0,0,0,0,2,1,0,0,0,0,0,0,0,0,0,0,0,0,4,4,0,0,0,0,0,0,0,0,2,1,0,0,0,0,0,0,0,0,0,0,1,1,0,0,0,0,0,0,0,0,0,0,1,1,0,0,0,0,0,0
Carlos Taberner,0,0,0,0,0,0,0,0,0,0,0,0,0,0,0,0,4,3,5,2,0,0,0,0,0,0,0,0,3,2,3,1,0,0,0,0,0,0,0,0,1,1,2,2,0,0,0,0,0,0,0,0,2,1,2,0,0,0,0,0,0,0,0,0,2,1,1,0,0,0,0,0,0,0,0,0,0,0,2,1,0,0,0,0,0,0,0,0,1,0,2,0,0,0,0,0,0,0,0,0,2,0,1,1,0,0,0,0,0,0,0,0,1,0,1,1,0,0,0,0,0,0,0,0,0,0,1,0,0,0,0,0,0,0,0,0,1,1,0,0,0,0,0,0,0,0,0,0,2,0,1,0,0,0,0,0,0,0,0,0,1,0,2,2,0,0,0,0,0,0,0,0,0,0,1,0,0,0,0,0,0,0,0,0,2,0,0,0,0,0,0,0,0,0,0,0,0,0,0,0,0,0,0,0,0,0,0,0,0,0,0,0,0,0,0,0,0,0,0,0,0,0,0,0,0,0,0,0
Jiri Vesely,0,0,0,0,5,3,6,1,0,0,0,0,0,0,0,0,6,5,6,3,0,0,0,0,0,0,0,0,5,4,3,0,0,0,0,0,0,0,0,0,1,0,3,1,0,0,0,0,0,0,0,0,4,3,3,0,0,0,0,0,0,0,0,0,1,1,2,1,0,0,0,0,0,0,0,0,1,1,1,0,0,0,0,0,0,0,0,0,3,1,3,1,0,0,0,0,0,0,0,0,2,2,1,0,0,0,0,0,0,0,0,0,1,1,2,0,0,0,0,0,0,0,0,0,0,0,0,0,0,0,0,0,0,0,0,0,4,3,2,1,0,0,0,0,0,0,0,0,1,0,2,0,0,0,0,0,0,0,0,0,0,0,0,0,0,0,0,0,0,0,0,0,1,0,3,0,0,0,0,0,0,0,0,0,1,1,0,0,0,0,0,0,0,0,0,0,3,3,0,0,0,0,0,0,0,0,0,0,3,2,0,0,0,0,0,0,0,0,0,0,0,0,0,0,0,0,0,0
Kevin Anderson,0,0,0,0,6,5,5,2,0,0,0,0,0,0,0,0,6,3,6,1,0,0,0,0,0,0,0,0,3,3,5,1,0,0,0,0,0,0,0,0,3,2,1,1,0,0,0,0,0,0,0,0,3,3,4,1,0,0,0,0,0,0,0,0,2,1,1,0,0,0,0,0,0,0,0,0,1,1,1,0,0,0,0,0,0,0,0,0,3,2,3,2,0,0,0,0,0,0,0,0,1,1,2,0,0,0,0,0,0,0,0,0,2,2,1,0,0,0,0,0,0,0,0,0,0,0,0,0,0,0,0,0,0,0,0,0,2,1,4,1,0,0,0,0,0,0,0,0,2,2,1,1,0,0,0,0,0,0,0,0,0,0,0,0,0,0,0,0,0,0,0,0,3,3,1,1,0,0,0,0,0,0,0,0,0,0,1,0,0,0,0,0,0,0,0,0,0,0,3,0,0,0,0,0,0,0,0,0,0,0,3,1,0,0,0,0,0,0,0,0,0,0,0,0,0,0,0,0
Mikhail Kukushkin,0,0,0,0,0,0,0,0,0,0,0,0,0,0,0,0,4,4,4,1,0,0,0,0,0,0,0,0,4,2,3,0,0,0,0,0,0,0,0,0,0,0,1,0,0,0,0,0,0,0,0,0,2,2,3,1,0,0,0,0,0,0,0,0,2,2,1,0,0,0,0,0,0,0,0,0,0,0,0,0,0,0,0,0,0,0,0,0,2,2,2,2,0,0,0,0,0,0,0,0,2,1,2,1,0,0,0,0,0,0,0,0,0,0,0,0,0,0,0,0,0,0,0,0,0,0,0,0,0,0,0,0,0,0,0,0,1,0,3,2,0,0,0,0,0,0,0,0,1,0,1,0,0,0,0,0,0,0,0,0,0,0,0,0,0,0,0,0,0,0,0,0,1,0,3,1,0,0,0,0,0,0,0,0,1,0,0,0,0,0,0,0,0,0,0,0,4,1,2,0,0,0,0,0,0,0,0,0,1,0,2,1,0,0,0,0,0,0,0,0,3,2,0,0,0,0,0,0
Quentin Halys,0,0,0,0,0,0,0,0,0,0,0,0,0,0,0,0,5,3,5,2,0,0,0,0,0,0,0,0,3,1,3,1,0,0,0,0,0,0,0,0,2,1,2,1,0,0,0,0,0,0,0,0,1,1,2,1,0,0,0,0,0,0,0,0,3,1,2,0,0,0,0,0,0,0,0,0,1,1,1,1,0,0,0,0,0,0,0,0,1,1,1,0,0,0,0,0,0,0,0,0,1,0,3,2,0,0,0,0,0,0,0,0,3,1,0,0,0,0,0,0,0,0,0,0,0,0,1,0,0,0,0,0,0,0,0,0,0,0,1,1,0,0,0,0,0,0,0,0,2,0,2,1,0,0,0,0,0,0,0,0,2,2,1,0,0,0,0,0,0,0,0,0,0,0,2,0,0,0,0,0,0,0,0,0,4,4,2,0,0,0,0,0,0,0,0,0,10,7,6,2,0,0,0,0,0,0,0,0,7,3,4,2,0,0,0,0,0,0,0,0,3,2,2,0,0,0,0,0
Kei Nishikori,0,0,0,0,0,0,0,0,0,0,0,0,0,0,0,0,5,3,4,3,0,0,0,0,0,0,0,0,3,0,1,0,0,0,0,0,0,0,0,0,2,2,3,1,0,0,0,0,0,0,0,0,0,0,1,1,0,0,0,0,0,0,0,0,5,3,2,0,0,0,0,0,0,0,0,0,0,0,1,0,0,0,0,0,0,0,0,0,0,0,0,0,0,0,0,0,0,0,0,0,3,1,3,1,0,0,0,0,0,0,0,0,2,1,1,1,0,0,0,0,0,0,0,0,0,0,0,0,0,0,0,0,0,0,0,0,1,1,2,0,0,0,0,0,0,0,0,0,3,2,1,1,0,0,0,0,0,0,0,0,1,1,1,0,0,0,0,0,0,0,0,0,2,2,0,0,0,0,0,0,0,0,0,0,2,2,2,2,0,0,0,0,0,0,0,0,3,1,0,0,0,0,0,0,0,0,0,0,1,1,0,0,0,0,0,0,0,0,0,0,2,1,0,0,0,0,0,0
Mackenzie Mcdonald,0,0,0,0,0,0,0,0,0,0,0,0,0,0,0,0,4,1,5,2,0,0,0,0,0,0,0,0,1,1,3,3,0,0,0,0,0,0,0,0,3,2,2,0,0,0,0,0,0,0,0,0,1,0,0,0,0,0,0,0,0,0,0,0,2,2,5,2,0,0,0,0,0,0,0,0,1,1,0,0,0,0,0,0,0,0,0,0,0,0,0,0,0,0,0,0,0,0,0,0,3,2,3,2,0,0,0,0,0,0,0,0,1,0,2,1,0,0,0,0,0,0,0,0,0,0,0,0,0,0,0,0,0,0,0,0,2,2,1,0,0,0,0,0,0,0,0,0,1,0,3,1,0,0,0,0,0,0,0,0,1,1,1,0,0,0,0,0,0,0,0,0,0,0,2,0,0,0,0,0,0,0,0,0,2,0,2,0,0,0,0,0,0,0,0,0,0,0,3,2,0,0,0,0,0,0,0,0,0,0,1,0,0,0,0,0,0,0,0,0,0,0,2,1,0,0,0,0
Aslan Karatsev,0,0,0,0,0,0,0,0,0,0,0,0,0,0,0,0,8,6,8,3,0,0,0,0,0,0,0,0,6,1,5,4,0,0,0,0,0,0,0,0,2,2,3,1,0,0,0,0,0,0,0,0,1,1,1,0,0,0,0,0,0,0,0,0,7,6,6,1,0,0,0,0,0,0,0,0,0,0,1,0,0,0,0,0,0,0,0,0,1,0,1,0,0,0,0,0,0,0,0,0,6,2,5,2,0,0,0,0,0,0,0,0,1,0,2,1,0,0,0,0,0,0,0,0,0,0,0,0,0,0,0,0,0,0,0,0,3,2,3,0,0,0,0,0,0,0,0,0,4,2,3,1,0,0,0,0,0,0,0,0,1,1,1,1,0,0,0,0,0,0,0,0,3,1,2,1,0,0,0,0,0,0,0,0,3,3,1,1,0,0,0,0,0,0,0,0,9,6,1,0,0,0,0,0,0,0,0,0,6,4,1,0,0,0,0,0,0,0,0,0,3,2,0,0,0,0,0,0
Jack Sock,0,0,0,0,0,0,0,0,0,0,0,0,0,0,0,0,5,5,4,2,0,0,0,0,0,0,0,0,5,3,2,1,0,0,0,0,0,0,0,0,0,0,2,2,0,0,0,0,0,0,0,0,3,2,1,0,0,0,0,0,0,0,0,0,2,2,1,1,0,0,0,0,0,0,0,0,0,0,2,1,0,0,0,0,0,0,0,0,2,2,1,0,0,0,0,0,0,0,0,0,3,2,0,0,0,0,0,0,0,0,0,0,0,0,2,0,0,0,0,0,0,0,0,0,0,0,1,0,0,0,0,0,0,0,0,0,2,1,0,0,0,0,0,0,0,0,0,0,1,0,2,1,0,0,0,0,0,0,0,0,0,0,1,0,0,0,0,0,0,0,0,0,1,1,1,0,0,0,0,0,0,0,0,0,1,1,2,0,0,0,0,0,0,0,0,0,1,0,3,2,0,0,0,0,0,0,0,0,0,0,1,1,0,0,0,0,0,0,0,0,1,0,2,2,0,0,0,0
Alexander Bublik,0,0,0,0,0,0,0,0,0,0,0,0,0,0,0,0,4,2,5,0,0,0,0,0,0,0,0,0,2,1,5,2,0,0,0,0,0,0,0,0,2,0,0,0,0,0,0,0,0,0,0,0,1,1,3,1,0,0,0,0,0,0,0,0,1,0,2,0,0,0,0,0,0,0,0,0,2,1,0,0,0,0,0,0,0,0,0,0,1,1,2,0,0,0,0,0,0,0,0,0,0,0,3,1,0,0,0,0,0,0,0,0,2,2,0,0,0,0,0,0,0,0,0,0,1,1,0,0,0,0,0,0,0,0,0,0,0,0,2,1,0,0,0,0,0,0,0,0,2,1,1,1,0,0,0,0,0,0,0,0,1,1,0,0,0,0,0,0,0,0,0,0,1,1,1,0,0,0,0,0,0,0,0,0,2,2,1,0,0,0,0,0,0,0,0,0,3,1,1,1,0,0,0,0,0,0,0,0,1,0,0,0,0,0,0,0,0,0,0,0,2,0,1,1,0,0,0,0
Brandon Nakashima,0,0,0,0,0,0,0,0,0,0,0,0,0,0,0,0,5,3,5,2,0,0,0,0,0,0,0,0,3,2,3,1,0,0,0,0,0,0,0,0,2,1,2,1,0,0,0,0,0,0,0,0,2,1,2,1,0,0,0,0,0,0,0,0,2,2,2,0,0,0,0,0,0,0,0,0,1,1,1,0,0,0,0,0,0,0,0,0,1,1,1,0,0,0,0,0,0,0,0,0,3,3,3,1,0,0,0,0,0,0,0,0,1,0,1,0,0,0,0,0,0,0,0,0,0,0,0,0,0,0,0,0,0,0,0,0,3,2,2,1,0,0,0,0,0,0,0,0,0,0,2,1,0,0,0,0,0,0,0,0,1,0,0,0,0,0,0,0,0,0,0,0,1,0,2,1,0,0,0,0,0,0,0,0,0,0,1,0,0,0,0,0,0,0,0,0,6,2,2,1,0,0,0,0,0,0,0,0,2,0,1,0,0,0,0,0,0,0,0,0,4,3,1,1,0,0,0,0
Alex Molcan,0,0,0,0,0,0,0,0,0,0,0,0,0,0,0,0,5,3,5,2,0,0,0,0,0,0,0,0,3,2,3,1,0,0,0,0,0,0,0,0,2,1,2,1,0,0,0,0,0,0,0,0,2,1,2,1,0,0,0,0,0,0,0,0,2,2,2,0,0,0,0,0,0,0,0,0,1,1,1,0,0,0,0,0,0,0,0,0,1,1,1,0,0,0,0,0,0,0,0,0,3,2,3,0,0,0,0,0,0,0,0,0,1,1,1,1,0,0,0,0,0,0,0,0,0,0,0,0,0,0,0,0,0,0,0,0,2,1,3,1,0,0,0,0,0,0,0,0,2,1,0,0,0,0,0,0,0,0,0,0,0,0,1,1,0,0,0,0,0,0,0,0,2,1,1,1,0,0,0,0,0,0,0,0,1,1,0,0,0,0,0,0,0,0,0,0,2,1,6,4,0,0,0,0,0,0,0,0,1,1,2,2,0,0,0,0,0,0,0,0,1,0,4,1,0,0,0,0
Jenson Brooksby,0,0,0,0,0,0,0,0,0,0,0,0,0,0,0,0,5,3,4,1,0,0,0,0,0,0,0,0,3,0,3,3,0,0,0,0,0,0,0,0,2,1,1,0,0,0,0,0,0,0,0,0,0,0,0,0,0,0,0,0,0,0,0,0,4,4,4,1,0,0,0,0,0,0,0,0,1,1,0,0,0,0,0,0,0,0,0,0,0,0,0,0,0,0,0,0,0,0,0,0,4,3,3,3,0,0,0,0,0,0,0,0,1,1,1,1,0,0,0,0,0,0,0,0,0,0,0,0,0,0,0,0,0,0,0,0,3,3,0,0,0,0,0,0,0,0,0,0,2,2,3,2,0,0,0,0,0,0,0,0,0,0,1,0,0,0,0,0,0,0,0,0,2,1,1,0,0,0,0,0,0,0,0,0,0,0,3,0,0,0,0,0,0,0,0,0,1,1,4,1,0,0,0,0,0,0,0,0,1,1,3,1,0,0,0,0,0,0,0,0,0,0,1,1,0,0,0,0
Ilya Ivashka,0,0,0,0,0,0,0,0,0,0,0,0,0,0,0,0,4,4,5,0,0,0,0,0,0,0,0,0,4,1,5,3,0,0,0,0,0,0,0,0,0,0,0,0,0,0,0,0,0,0,0,0,1,1,2,0,0,0,0,0,0,0,0,0,3,2,3,0,0,0,0,0,0,0,0,0,0,0,0,0,0,0,0,0,0,0,0,0,1,1,2,0,0,0,0,0,0,0,0,0,2,2,3,1,0,0,0,0,0,0,0,0,1,0,0,0,0,0,0,0,0,0,0,0,0,0,0,0,0,0,0,0,0,0,0,0,2,2,2,0,0,0,0,0,0,0,0,0,0,0,1,0,0,0,0,0,0,0,0,0,1,0,0,0,0,0,0,0,0,0,0,0,0,0,1,0,0,0,0,0,0,0,0,0,0,0,0,0,0,0,0,0,0,0,0,0,0,0,0,0,0,0,0,0,0,0,0,0,0,0,0,0,0,0,0,0,0,0,0,0,0,0,0,0,0,0,0,0
Matteo Berrettini,0,0,0,0,0,0,0,0,0,0,0,0,0,0,0,0,5,5,4,0,0,0,0,0,0,0,0,0,5,2,4,3,0,0,0,0,0,0,0,0,0,0,0,0,0,0,0,0,0,0,0,0,2,2,1,0,0,0,0,0,0,0,0,0,3,3,3,1,0,0,0,0,0,0,0,0,0,0,0,0,0,0,0,0,0,0,0,0,2,2,1,0,0,0,0,0,0,0,0,0,3,2,2,0,0,0,0,0,0,0,0,0,0,0,1,1,0,0,0,0,0,0,0,0,0,0,0,0,0,0,0,0,0,0,0,0,2,2,2,0,0,0,0,0,0,0,0,0,1,1,0,0,0,0,0,0,0,0,0,0,0,0,1,1,0,0,0,0,0,0,0,0,1,1,0,0,0,0,0,0,0,0,0,0,0,0,0,0,0,0,0,0,0,0,0,0,0,0,0,0,0,0,0,0,0,0,0,0,0,0,0,0,0,0,0,0,0,0,0,0,0,0,0,0,0,0,0,0
Jannik Sinner,0,0,0,0,0,0,0,0,0,0,0,0,0,0,0,0,5,4,5,2,0,0,0,0,0,0,0,0,4,2,3,2,0,0,0,0,0,0,0,0,1,0,2,0,0,0,0,0,0,0,0,0,2,1,1,1,0,0,0,0,0,0,0,0,2,1,4,2,0,0,0,0,0,0,0,0,1,1,0,0,0,0,0,0,0,0,0,0,1,1,0,0,0,0,0,0,0,0,0,0,2,1,3,1,0,0,0,0,0,0,0,0,2,2,2,1,0,0,0,0,0,0,0,0,0,0,0,0,0,0,0,0,0,0,0,0,1,0,2,2,0,0,0,0,0,0,0,0,3,3,2,0,0,0,0,0,0,0,0,0,0,0,1,0,0,0,0,0,0,0,0,0,4,3,4,2,0,0,0,0,0,0,0,0,0,0,1,1,0,0,0,0,0,0,0,0,2,1,4,2,0,0,0,0,0,0,0,0,1,1,2,0,0,0,0,0,0,0,0,0,1,1,2,0,0,0,0,0
Frances Tiafoe,0,0,0,0,0,0,0,0,0,0,0,0,0,0,0,0,4,2,3,1,0,0,0,0,0,0,0,0,2,1,2,2,0,0,0,0,0,0,0,0,2,2,1,0,0,0,0,0,0,0,0,0,1,1,0,0,0,0,0,0,0,0,0,0,3,3,3,2,0,0,0,0,0,0,0,0,0,0,0,0,0,0,0,0,0,0,0,0,1,1,0,0,0,0,0,0,0,0,0,0,3,1,1,0,0,0,0,0,0,0,0,0,0,0,2,1,0,0,0,0,0,0,0,0,0,0,0,0,0,0,0,0,0,0,0,0,1,0,1,0,0,0,0,0,0,0,0,0,2,2,1,1,0,0,0,0,0,0,0,0,0,0,1,0,0,0,0,0,0,0,0,0,3,1,0,0,0,0,0,0,0,0,0,0,0,0,2,2,0,0,0,0,0,0,0,0,4,4,0,0,0,0,0,0,0,0,0,0,4,2,0,0,0,0,0,0,0,0,0,0,0,0,0,0,0,0,0,0
Alexei Popyrin,0,0,0,0,4,1,4,0,0,0,0,0,0,0,0,0,6,5,6,0,0,0,0,0,0,0,0,0,5,4,6,2,0,0,0,0,0,0,0,0,1,0,0,0,0,0,0,0,0,0,0,0,4,3,4,0,0,0,0,0,0,0,0,0,1,0,2,0,0,0,0,0,0,0,0,0,1,1,0,0,0,0,0,0,0,0,0,0,3,1,4,0,0,0,0,0,0,0,0,0,1,1,2,1,0,0,0,0,0,0,0,0,2,2,0,0,0,0,0,0,0,0,0,0,0,0,0,0,0,0,0,0,0,0,0,0,3,2,1,1,0,0,0,0,0,0,0,0,2,2,1,1,0,0,0,0,0,0,0,0,0,0,0,0,0,0,0,0,0,0,0,0,3,2,1,0,0,0,0,0,0,0,0,0,0,0,1,0,0,0,0,0,0,0,0,0,1,1,1,0,0,0,0,0,0,0,0,0,1,1,1,0,0,0,0,0,0,0,0,0,0,0,0,0,0,0,0,0
Daniel Evans,0,0,0,0,4,4,4,3,0,0,0,0,0,0,0,0,6,6,6,1,0,0,0,0,0,0,0,0,6,4,5,1,0,0,0,0,0,0,0,0,0,0,1,1,0,0,0,0,0,0,0,0,4,4,4,1,0,0,0,0,0,0,0,0,2,2,1,1,0,0,0,0,0,0,0,0,0,0,1,0,0,0,0,0,0,0,0,0,4,4,3,2,0,0,0,0,0,0,0,0,2,1,1,0,0,0,0,0,0,0,0,0,0,0,2,0,0,0,0,0,0,0,0,0,0,0,0,0,0,0,0,0,0,0,0,0,1,0,3,1,0,0,0,0,0,0,0,0,1,0,2,0,0,0,0,0,0,0,0,0,0,0,0,0,0,0,0,0,0,0,0,0,1,1,3,1,0,0,0,0,0,0,0,0,1,1,0,0,0,0,0,0,0,0,0,0,1,1,1,0,0,0,0,0,0,0,0,0,1,1,1,0,0,0,0,0,0,0,0,0,0,0,0,0,0,0,0,0
Diego Schwartzman,0,0,0,0,0,0,0,0,0,0,0,0,0,0,0,0,3,1,4,1,0,0,0,0,0,0,0,0,1,1,3,0,0,0,0,0,0,0,0,0,2,0,1,0,0,0,0,0,0,0,0,0,1,1,3,1,0,0,0,0,0,0,0,0,0,0,1,0,0,0,0,0,0,0,0,0,2,1,0,0,0,0,0,0,0,0,0,0,1,0,2,0,0,0,0,0,0,0,0,0,0,0,2,0,0,0,0,0,0,0,0,0,1,1,0,0,0,0,0,0,0,0,0,0,1,1,0,0,0,0,0,0,0,0,0,0,1,1,2,1,0,0,0,0,0,0,0,0,1,0,0,0,0,0,0,0,0,0,0,0,1,1,0,0,0,0,0,0,0,0,0,0,0,0,1,1,0,0,0,0,0,0,0,0,2,0,0,0,0,0,0,0,0,0,0,0,0,0,2,1,0,0,0,0,0,0,0,0,0,0,1,0,0,0,0,0,0,0,0,0,0,0,1,0,0,0,0,0
Novak Djokovic,0,0,0,0,0,0,0,0,0,0,0,0,0,0,0,0,4,2,4,2,0,0,0,0,0,0,0,0,2,1,2,1,0,0,0,0,0,0,0,0,2,1,2,0,0,0,0,0,0,0,0,0,1,1,1,1,0,0,0,0,0,0,0,0,2,2,3,1,0,0,0,0,0,0,0,0,1,1,0,0,0,0,0,0,0,0,0,0,1,1,0,0,0,0,0,0,0,0,0,0,2,2,3,2,0,0,0,0,0,0,0,0,1,0,1,0,0,0,0,0,0,0,0,0,0,0,0,0,0,0,0,0,0,0,0,0,2,2,1,0,0,0,0,0,0,0,0,0,0,0,3,3,0,0,0,0,0,0,0,0,1,1,0,0,0,0,0,0,0,0,0,0,0,0,0,0,0,0,0,0,0,0,0,0,1,1,3,3,0,0,0,0,0,0,0,0,3,0,0,0,0,0,0,0,0,0,0,0,0,0,0,0,0,0,0,0,0,0,0,0,3,2,0,0,0,0,0,0
Marton Fucsovics,0,0,0,0,10,6,10,5,0,0,0,0,0,0,0,0,10,7,10,4,0,0,0,0,0,0,0,0,7,5,6,2,0,0,0,0,0,0,0,0,4,3,4,3,0,0,0,0,0,0,0,0,5,3,4,2,0,0,0,0,0,0,0,0,5,3,3,2,0,0,0,0,0,0,0,0,1,0,3,0,0,0,0,0,0,0,0,0,3,2,2,0,0,0,0,0,0,0,0,0,5,4,3,1,0,0,0,0,0,0,0,0,2,1,5,2,0,0,0,0,0,0,0,0,1,1,0,0,0,0,0,0,0,0,0,0,5,5,2,0,0,0,0,0,0,0,0,0,2,1,4,1,0,0,0,0,0,0,0,0,2,1,2,2,0,0,0,0,0,0,0,0,1,0,3,2,0,0,0,0,0,0,0,0,2,1,1,0,0,0,0,0,0,0,0,0,7,6,5,2,0,0,0,0,0,0,0,0,6,2,3,1,0,0,0,0,0,0,0,0,1,1,2,1,0,0,0,0
Marc Polmans,0,0,0,0,0,0,0,0,0,0,0,0,0,0,0,0,4,2,4,3,0,0,0,0,0,0,0,0,2,1,1,0,0,0,0,0,0,0,0,0,2,0,4,1,0,0,0,0,0,0,0,0,1,0,1,0,0,0,0,0,0,0,0,0,1,0,3,1,0,0,0,0,0,0,0,0,2,2,1,1,0,0,0,0,0,0,0,0,0,0,1,0,0,0,0,0,0,0,0,0,1,1,2,1,0,0,0,0,0,0,0,0,3,1,1,0,0,0,0,0,0,0,0,0,0,0,1,0,0,0,0,0,0,0,0,0,1,1,1,0,0,0,0,0,0,0,0,0,1,1,2,1,0,0,0,0,0,0,0,0,2,0,1,0,0,0,0,0,0,0,0,0,1,0,1,1,0,0,0,0,0,0,0,0,0,0,2,1,0,0,0,0,0,0,0,0,2,1,7,1,0,0,0,0,0,0,0,0,1,1,6,4,0,0,0,0,0,0,0,0,1,1,1,0,0,0,0,0
Corentin Moutet,0,0,0,0,0,0,0,0,0,0,0,0,0,0,0,0,4,3,5,1,0,0,0,0,0,0,0,0,3,2,4,0,0,0,0,0,0,0,0,0,1,1,1,1,0,0,0,0,0,0,0,0,2,0,4,2,0,0,0,0,0,0,0,0,2,1,0,0,0,0,0,0,0,0,0,0,0,0,1,1,0,0,0,0,0,0,0,0,0,0,2,1,0,0,0,0,0,0,0,0,3,3,2,2,0,0,0,0,0,0,0,0,1,1,0,0,0,0,0,0,0,0,0,0,0,0,1,1,0,0,0,0,0,0,0,0,3,0,1,1,0,0,0,0,0,0,0,0,1,1,2,1,0,0,0,0,0,0,0,0,0,0,0,0,0,0,0,0,0,0,0,0,4,4,2,2,0,0,0,0,0,0,0,0,0,0,1,1,0,0,0,0,0,0,0,0,0,0,3,0,0,0,0,0,0,0,0,0,0,0,3,1,0,0,0,0,0,0,0,0,0,0,0,0,0,0,0,0
John Millman,0,0,0,0,0,0,0,0,0,0,0,0,0,0,0,0,5,4,4,1,0,0,0,0,0,0,0,0,4,4,3,1,0,0,0,0,0,0,0,0,1,0,1,0,0,0,0,0,0,0,0,0,4,2,2,2,0,0,0,0,0,0,0,0,0,0,2,1,0,0,0,0,0,0,0,0,1,0,0,0,0,0,0,0,0,0,0,0,2,1,0,0,0,0,0,0,0,0,0,0,2,0,3,0,0,0,0,0,0,0,0,0,0,0,1,0,0,0,0,0,0,0,0,0,1,0,0,0,0,0,0,0,0,0,0,0,1,0,3,3,0,0,0,0,0,0,0,0,2,1,1,0,0,0,0,0,0,0,0,0,0,0,0,0,0,0,0,0,0,0,0,0,2,0,4,0,0,0,0,0,0,0,0,0,1,0,0,0,0,0,0,0,0,0,0,0,3,3,0,0,0,0,0,0,0,0,0,0,3,2,0,0,0,0,0,0,0,0,0,0,0,0,0,0,0,0,0,0
Gael Monfils,0,0,0,0,0,0,0,0,0,0,0,0,0,0,0,0,4,2,5,3,0,0,0,0,0,0,0,0,2,1,2,1,0,0,0,0,0,0,0,0,2,1,3,0,0,0,0,0,0,0,0,0,1,0,1,1,0,0,0,0,0,0,0,0,2,2,4,0,0,0,0,0,0,0,0,0,1,1,0,0,0,0,0,0,0,0,0,0,0,0,0,0,0,0,0,0,0,0,0,0,3,2,5,5,0,0,0,0,0,0,0,0,1,1,0,0,0,0,0,0,0,0,0,0,0,0,0,0,0,0,0,0,0,0,0,0,2,0,0,0,0,0,0,0,0,0,0,0,2,1,5,1,0,0,0,0,0,0,0,0,0,0,0,0,0,0,0,0,0,0,0,0,3,2,4,4,0,0,0,0,0,0,0,0,1,1,1,0,0,0,0,0,0,0,0,0,3,2,15,4,0,0,0,0,0,0,0,0,2,1,11,6,0,0,0,0,0,0,0,0,1,0,4,0,0,0,0,0
Emil Ruusuvuori,0,0,0,0,0,0,0,0,0,0,0,0,0,0,0,0,5,2,4,2,0,0,0,0,0,0,0,0,2,1,2,1,0,0,0,0,0,0,0,0,3,3,2,1,0,0,0,0,0,0,0,0,1,0,1,1,0,0,0,0,0,0,0,0,4,4,2,0,0,0,0,0,0,0,0,0,0,0,1,0,0,0,0,0,0,0,0,0,0,0,0,0,0,0,0,0,0,0,0,0,5,0,3,1,0,0,0,0,0,0,0,0,0,0,1,0,0,0,0,0,0,0,0,0,0,0,0,0,0,0,0,0,0,0,0,0,0,0,2,2,0,0,0,0,0,0,0,0,5,4,2,1,0,0,0,0,0,0,0,0,0,0,0,0,0,0,0,0,0,0,0,0,4,0,3,1,0,0,0,0,0,0,0,0,1,1,1,0,0,0,0,0,0,0,0,0,15,11,3,1,0,0,0,0,0,0,0,0,11,5,2,1,0,0,0,0,0,0,0,0,4,4,1,1,0,0,0,0
Sergiy Stakhovsky,0,0,0,0,0,0,0,0,0,0,0,0,0,0,0,0,5,3,5,0,0,0,0,0,0,0,0,0,3,2,5,4,0,0,0,0,0,0,0,0,2,1,0,0,0,0,0,0,0,0,0,0,2,1,1,1,0,0,0,0,0,0,0,0,2,2,4,3,0,0,0,0,0,0,0,0,1,0,0,0,0,0,0,0,0,0,0,0,1,1,0,0,0,0,0,0,0,0,0,0,3,2,2,1,0,0,0,0,0,0,0,0,0,0,3,0,0,0,0,0,0,0,0,0,1,1,0,0,0,0,0,0,0,0,0,0,2,2,1,0,0,0,0,0,0,0,0,0,1,0,4,2,0,0,0,0,0,0,0,0,1,1,0,0,0,0,0,0,0,0,0,0,0,0,2,0,0,0,0,0,0,0,0,0,2,2,2,0,0,0,0,0,0,0,0,0,6,4,2,0,0,0,0,0,0,0,0,0,4,1,2,0,0,0,0,0,0,0,0,0,2,1,0,0,0,0,0,0
Dusan Lajovic,0,0,0,0,0,0,0,0,0,0,0,0,0,0,0,0,5,5,5,2,0,0,0,0,0,0,0,0,5,1,3,1,0,0,0,0,0,0,0,0,0,0,2,1,0,0,0,0,0,0,0,0,1,0,2,1,0,0,0,0,0,0,0,0,4,1,2,0,0,0,0,0,0,0,0,0,0,0,1,1,0,0,0,0,0,0,0,0,0,0,1,0,0,0,0,0,0,0,0,0,2,1,3,1,0,0,0,0,0,0,0,0,3,3,0,0,0,0,0,0,0,0,0,0,0,0,1,0,0,0,0,0,0,0,0,0,1,1,2,0,0,0,0,0,0,0,0,0,4,2,1,1,0,0,0,0,0,0,0,0,0,0,1,0,0,0,0,0,0,0,0,0,2,2,0,0,0,0,0,0,0,0,0,0,2,2,2,0,0,0,0,0,0,0,0,0,2,2,6,2,0,0,0,0,0,0,0,0,2,2,4,3,0,0,0,0,0,0,0,0,0,0,2,1,0,0,0,0
Kimmer Coppejans,0,0,0,0,0,0,0,0,0,0,0,0,0,0,0,0,4,2,5,3,0,0,0,0,0,0,0,0,2,0,2,0,0,0,0,0,0,0,0,0,2,1,3,1,0,0,0,0,0,0,0,0,0,0,2,2,0,0,0,0,0,0,0,0,3,1,2,1,0,0,0,0,0,0,0,0,1,1,1,0,0,0,0,0,0,0,0,0,0,0,0,0,0,0,0,0,0,0,0,0,1,0,3,2,0,0,0,0,0,0,0,0,3,2,2,0,0,0,0,0,0,0,0,0,0,0,0,0,0,0,0,0,0,0,0,0,0,0,1,0,0,0,0,0,0,0,0,0,3,2,4,1,0,0,0,0,0,0,0,0,1,0,0,0,0,0,0,0,0,0,0,0,2,1,3,0,0,0,0,0,0,0,0,0,1,1,1,1,0,0,0,0,0,0,0,0,2,1,0,0,0,0,0,0,0,0,0,0,1,1,0,0,0,0,0,0,0,0,0,0,1,0,0,0,0,0,0,0
Jiri Vesely,0,0,0,0,0,0,0,0,0,0,0,0,0,0,0,0,5,2,4,2,0,0,0,0,0,0,0,0,2,2,2,2,0,0,0,0,0,0,0,0,3,2,2,1,0,0,0,0,0,0,0,0,2,0,0,0,0,0,0,0,0,0,0,0,2,1,3,2,0,0,0,0,0,0,0,0,1,1,1,0,0,0,0,0,0,0,0,0,0,0,0,0,0,0,0,0,0,0,0,0,3,1,1,1,0,0,0,0,0,0,0,0,2,2,3,1,0,0,0,0,0,0,0,0,0,0,0,0,0,0,0,0,0,0,0,0,1,1,0,0,0,0,0,0,0,0,0,0,4,3,3,1,0,0,0,0,0,0,0,0,0,0,1,1,0,0,0,0,0,0,0,0,3,3,2,1,0,0,0,0,0,0,0,0,1,0,1,0,0,0,0,0,0,0,0,0,0,0,2,1,0,0,0,0,0,0,0,0,0,0,1,0,0,0,0,0,0,0,0,0,0,0,1,1,0,0,0,0
Denis Shapovalov,0,0,0,0,0,0,0,0,0,0,0,0,0,0,0,0,5,3,5,3,0,0,0,0,0,0,0,0,3,3,2,0,0,0,0,0,0,0,0,0,2,2,3,0,0,0,0,0,0,0,0,0,3,2,2,1,0,0,0,0,0,0,0,0,2,1,3,0,0,0,0,0,0,0,0,0,0,0,0,0,0,0,0,0,0,0,0,0,2,0,1,0,0,0,0,0,0,0,0,0,2,1,4,1,0,0,0,0,0,0,0,0,1,1,0,0,0,0,0,0,0,0,0,0,0,0,0,0,0,0,0,0,0,0,0,0,3,2,3,1,0,0,0,0,0,0,0,0,2,1,1,0,0,0,0,0,0,0,0,0,0,0,0,0,0,0,0,0,0,0,0,0,2,1,2,1,0,0,0,0,0,0,0,0,1,1,0,0,0,0,0,0,0,0,0,0,3,2,4,1,0,0,0,0,0,0,0,0,2,2,3,3,0,0,0,0,0,0,0,0,1,1,1,1,0,0,0,0
Jannik Sinner,0,0,0,0,0,0,0,0,0,0,0,0,0,0,0,0,5,2,5,2,5,2,4,1,0,0,0,0,2,2,3,0,2,2,3,1,0,0,0,0,3,3,2,0,3,3,2,0,0,0,0,0,2,1,3,1,2,2,2,0,0,0,0,0,3,3,2,1,3,2,3,2,0,0,0,0,0,0,0,0,0,0,0,0,0,0,0,0,1,1,2,2,2,1,2,0,0,0,0,0,4,3,2,1,2,2,1,0,0,0,0,0,0,0,1,0,1,1,2,1,0,0,0,0,0,0,0,0,0,0,0,0,0,0,0,0,3,2,3,1,3,3,1,1,0,0,0,0,1,1,2,1,1,1,1,0,0,0,0,0,0,0,0,0,0,0,1,1,0,0,0,0,2,1,2,1,1,1,2,1,0,0,0,0,0,0,1,0,0,0,0,0,0,0,0,0,4,3,3,1,0,0,2,1,0,0,0,0,3,0,2,0,0,0,1,0,0,0,0,0,1,0,1,0,0,0,1,0
David Goffin,0,0,0,0,0,0,0,0,0,0,0,0,0,0,0,0,5,2,4,1,0,0,0,0,0,0,0,0,2,2,3,1,0,0,0,0,0,0,0,0,3,2,1,1,0,0,0,0,0,0,0,0,2,2,2,0,0,0,0,0,0,0,0,0,2,0,1,0,0,0,0,0,0,0,0,0,1,1,1,1,0,0,0,0,0,0,0,0,2,0,2,1,0,0,0,0,0,0,0,0,0,0,1,1,0,0,0,0,0,0,0,0,3,1,0,0,0,0,0,0,0,0,0,0,0,0,1,1,0,0,0,0,0,0,0,0,2,1,1,0,0,0,0,0,0,0,0,0,1,1,1,0,0,0,0,0,0,0,0,0,2,0,0,0,0,0,0,0,0,0,0,0,2,1,1,0,0,0,0,0,0,0,0,0,0,0,0,0,0,0,0,0,0,0,0,0,2,0,0,0,0,0,0,0,0,0,0,0,0,0,0,0,0,0,0,0,0,0,0,0,2,1,0,0,0,0,0,0
Alexei Popyrin,0,0,0,0,0,0,0,0,0,0,0,0,0,0,0,0,8,7,10,3,0,0,0,0,0,0,0,0,7,6,7,1,0,0,0,0,0,0,0,0,1,0,3,1,0,0,0,0,0,0,0,0,6,5,6,1,0,0,0,0,0,0,0,0,1,1,3,2,0,0,0,0,0,0,0,0,1,0,1,0,0,0,0,0,0,0,0,0,5,2,5,3,0,0,0,0,0,0,0,0,2,1,2,1,0,0,0,0,0,0,0,0,0,0,3,2,0,0,0,0,0,0,0,0,1,0,0,0,0,0,0,0,0,0,0,0,4,3,4,2,0,0,0,0,0,0,0,0,1,1,2,0,0,0,0,0,0,0,0,0,0,0,2,2,0,0,0,0,0,0,0,0,2,1,4,2,0,0,0,0,0,0,0,0,0,0,0,0,0,0,0,0,0,0,0,0,6,2,3,2,0,0,0,0,0,0,0,0,2,0,1,0,0,0,0,0,0,0,0,0,4,3,2,1,0,0,0,0
Mikael Ymer,0,0,0,0,0,0,0,0,0,0,0,0,0,0,0,0,5,4,4,1,4,4,4,3,0,0,0,0,4,2,3,0,4,4,1,1,0,0,0,0,1,1,1,1,0,0,3,2,0,0,0,0,2,0,3,0,4,3,0,0,0,0,0,0,3,3,0,0,0,0,2,1,0,0,0,0,0,0,1,1,0,0,2,2,0,0,0,0,0,0,3,0,3,3,0,0,0,0,0,0,5,1,0,0,1,1,1,0,0,0,0,0,0,0,0,0,0,0,1,0,0,0,0,0,0,0,1,1,0,0,2,2,0,0,0,0,1,1,0,0,1,1,1,0,0,0,0,0,4,3,0,0,0,0,1,0,0,0,0,0,0,0,0,0,0,0,0,0,0,0,0,0,3,3,0,0,0,0,1,0,0,0,0,0,1,1,0,0,0,0,0,0,0,0,0,0,5,3,0,0,0,0,0,0,0,0,0,0,3,1,0,0,0,0,0,0,0,0,0,0,2,2,0,0,0,0,0,0
Hubert Hurkacz,0,0,0,0,0,0,0,0,0,0,0,0,0,0,0,0,4,3,5,1,5,5,5,1,0,0,0,0,3,3,4,2,5,3,4,0,0,0,0,0,1,0,1,0,0,0,1,0,0,0,0,0,3,3,2,2,3,1,4,1,0,0,0,0,0,0,3,0,2,1,1,0,0,0,0,0,1,0,0,0,0,0,0,0,0,0,0,0,3,3,0,0,1,1,3,1,0,0,0,0,0,0,5,4,3,3,2,2,0,0,0,0,0,0,0,0,1,1,0,0,0,0,0,0,1,0,0,0,0,0,0,0,0,0,0,0,0,0,1,0,3,2,1,0,0,0,0,0,0,0,4,1,1,1,2,1,0,0,0,0,0,0,0,0,0,0,0,0,0,0,0,0,0,0,3,0,2,0,1,0,0,0,0,0,0,0,1,0,0,0,1,0,0,0,0,0,0,0,5,2,5,2,1,0,0,0,0,0,0,0,3,2,2,1,1,0,0,0,0,0,0,0,2,0,3,2,0,0
Michael Mmoh,0,0,0,0,0,0,0,0,0,0,0,0,0,0,0,0,6,2,6,4,0,0,0,0,0,0,0,0,2,2,2,2,0,0,0,0,0,0,0,0,4,3,4,2,0,0,0,0,0,0,0,0,2,2,0,0,0,0,0,0,0,0,0,0,3,2,4,2,0,0,0,0,0,0,0,0,1,0,2,2,0,0,0,0,0,0,0,0,2,1,0,0,0,0,0,0,0,0,0,0,2,2,2,2,0,0,0,0,0,0,0,0,1,1,2,0,0,0,0,0,0,0,0,0,1,0,2,1,0,0,0,0,0,0,0,0,3,2,0,0,0,0,0,0,0,0,0,0,1,0,4,2,0,0,0,0,0,0,0,0,0,0,1,1,0,0,0,0,0,0,0,0,1,1,2,1,0,0,0,0,0,0,0,0,1,0,2,1,0,0,0,0,0,0,0,0,0,0,2,0,0,0,0,0,0,0,0,0,0,0,2,0,0,0,0,0,0,0,0,0,0,0,0,0,0,0,0,0
Viktor Troicki,0,0,0,0,0,0,0,0,0,0,0,0,0,0,0,0,6,2,6,4,0,0,0,0,0,0,0,0,2,0,2,0,0,0,0,0,0,0,0,0,4,2,4,1,0,0,0,0,0,0,0,0,0,0,2,0,0,0,0,0,0,0,0,0,4,2,3,1,0,0,0,0,0,0,0,0,2,0,1,1,0,0,0,0,0,0,0,0,0,0,2,1,0,0,0,0,0,0,0,0,2,0,2,0,0,0,0,0,0,0,0,0,2,2,1,0,0,0,0,0,0,0,0,0,2,1,1,1,0,0,0,0,0,0,0,0,0,0,3,1,0,0,0,0,0,0,0,0,4,2,1,1,0,0,0,0,0,0,0,0,1,0,0,0,0,0,0,0,0,0,0,0,2,1,1,0,0,0,0,0,0,0,0,0,2,1,1,1,0,0,0,0,0,0,0,0,2,2,0,0,0,0,0,0,0,0,0,0,2,2,0,0,0,0,0,0,0,0,0,0,0,0,0,0,0,0,0,0
Reilly Opelka,0,0,0,0,0,0,0,0,0,0,0,0,0,0,0,0,4,3,4,1,0,0,0,0,0,0,0,0,3,0,3,1,0,0,0,0,0,0,0,0,1,0,1,0,0,0,0,0,0,0,0,0,0,0,2,1,0,0,0,0,0,0,0,0,3,1,2,0,0,0,0,0,0,0,0,0,1,0,0,0,0,0,0,0,0,0,0,0,0,0,1,0,0,0,0,0,0,0,0,0,1,0,3,0,0,0,0,0,0,0,0,0,2,1,0,0,0,0,0,0,0,0,0,0,1,1,0,0,0,0,0,0,0,0,0,0,0,0,3,0,0,0,0,0,0,0,0,0,2,2,0,0,0,0,0,0,0,0,0,0,2,1,0,0,0,0,0,0,0,0,0,0,2,2,0,0,0,0,0,0,0,0,0,0,1,0,0,0,0,0,0,0,0,0,0,0,0,0,0,0,0,0,0,0,0,0,0,0,0,0,0,0,0,0,0,0,0,0,0,0,0,0,0,0,0,0,0,0
Taylor Fritz,0,0,0,0,0,0,0,0,0,0,0,0,0,0,0,0,8,6,8,1,0,0,0,0,0,0,0,0,6,5,7,4,0,0,0,0,0,0,0,0,2,1,1,1,0,0,0,0,0,0,0,0,5,3,3,2,0,0,0,0,0,0,0,0,2,2,4,2,0,0,0,0,0,0,0,0,1,1,1,1,0,0,0,0,0,0,0,0,3,2,1,0,0,0,0,0,0,0,0,0,4,3,4,1,0,0,0,0,0,0,0,0,1,1,2,1,0,0,0,0,0,0,0,0,0,0,1,0,0,0,0,0,0,0,0,0,4,4,3,1,0,0,0,0,0,0,0,0,2,1,2,0,0,0,0,0,0,0,0,0,0,0,2,1,0,0,0,0,0,0,0,0,1,0,3,1,0,0,0,0,0,0,0,0,1,0,1,1,0,0,0,0,0,0,0,0,3,1,1,0,0,0,0,0,0,0,0,0,1,0,1,0,0,0,0,0,0,0,0,0,2,1,0,0,0,0,0,0
Stan Wawrinka,0,0,0,0,10,5,10,4,0,0,0,0,0,0,0,0,6,4,6,0,0,0,0,0,0,0,0,0,4,3,6,2,0,0,0,0,0,0,0,0,2,1,0,0,0,0,0,0,0,0,0,0,3,2,4,2,0,0,0,0,0,0,0,0,2,1,2,1,0,0,0,0,0,0,0,0,1,1,0,0,0,0,0,0,0,0,0,0,2,2,2,1,0,0,0,0,0,0,0,0,2,1,3,0,0,0,0,0,0,0,0,0,2,2,1,1,0,0,0,0,0,0,0,0,0,0,0,0,0,0,0,0,0,0,0,0,1,1,4,0,0,0,0,0,0,0,0,0,3,2,0,0,0,0,0,0,0,0,0,0,0,0,1,1,0,0,0,0,0,0,0,0,2,1,0,0,0,0,0,0,0,0,0,0,1,1,0,0,0,0,0,0,0,0,0,0,3,2,0,0,0,0,0,0,0,0,0,0,2,1,0,0,0,0,0,0,0,0,0,0,1,0,0,0,0,0,0,0
Nick Kyrgios,0,0,0,0,0,0,0,0,0,0,0,0,0,0,0,0,10,9,10,2,0,0,0,0,0,0,0,0,9,8,8,6,0,0,0,0,0,0,0,0,1,1,2,0,0,0,0,0,0,0,0,0,8,4,2,0,0,0,0,0,0,0,0,0,2,2,8,2,0,0,0,0,0,0,0,0,0,0,0,0,0,0,0,0,0,0,0,0,4,4,2,0,0,0,0,0,0,0,0,0,6,4,6,2,0,0,0,0,0,0,0,0,0,0,2,1,0,0,0,0,0,0,0,0,0,0,0,0,0,0,0,0,0,0,0,0,4,4,4,0,0,0,0,0,0,0,0,0,2,1,3,1,0,0,0,0,0,0,0,0,0,0,1,1,0,0,0,0,0,0,0,0,1,0,2,1,0,0,0,0,0,0,0,0,1,1,1,0,0,0,0,0,0,0,0,0,3,1,4,1,0,0,0,0,0,0,0,0,1,1,3,1,0,0,0,0,0,0,0,0,2,1,1,0,0,0,0,0
Ugo Humbert,0,0,0,0,0,0,0,0,0,0,0,0,0,0,0,0,5,3,5,1,0,0,0,0,0,0,0,0,3,0,4,0,0,0,0,0,0,0,0,0,2,2,1,0,0,0,0,0,0,0,0,0,0,0,4,2,0,0,0,0,0,0,0,0,5,3,1,0,0,0,0,0,0,0,0,0,0,0,0,0,0,0,0,0,0,0,0,0,0,0,2,0,0,0,0,0,0,0,0,0,3,2,3,1,0,0,0,0,0,0,0,0,2,1,0,0,0,0,0,0,0,0,0,0,0,0,0,0,0,0,0,0,0,0,0,0,2,2,2,0,0,0,0,0,0,0,0,0,2,1,1,1,0,0,0,0,0,0,0,0,1,0,0,0,0,0,0,0,0,0,0,0,1,0,0,0,0,0,0,0,0,0,0,0,1,1,1,0,0,0,0,0,0,0,0,0,4,3,1,0,0,0,0,0,0,0,0,0,3,2,1,0,0,0,0,0,0,0,0,0,1,1,0,0,0,0,0,0
Feliciano Lopez,0,0,0,0,0,0,0,0,0,0,0,0,0,0,0,0,5,4,5,1,0,0,0,0,0,0,0,0,4,3,4,1,0,0,0,0,0,0,0,0,1,1,1,1,0,0,0,0,0,0,0,0,3,3,3,1,0,0,0,0,0,0,0,0,2,2,1,0,0,0,0,0,0,0,0,0,0,0,1,0,0,0,0,0,0,0,0,0,3,3,2,1,0,0,0,0,0,0,0,0,2,2,2,0,0,0,0,0,0,0,0,0,0,0,1,1,0,0,0,0,0,0,0,0,0,0,0,0,0,0,0,0,0,0,0,0,2,2,3,2,0,0,0,0,0,0,0,0,0,0,0,0,0,0,0,0,0,0,0,0,0,0,1,1,0,0,0,0,0,0,0,0,0,0,2,1,0,0,0,0,0,0,0,0,0,0,0,0,0,0,0,0,0,0,0,0,0,0,4,0,0,0,0,0,0,0,0,0,0,0,4,3,0,0,0,0,0,0,0,0,0,0,0,0,0,0,0,0
Lorenzo Sonego,0,0,0,0,0,0,0,0,0,0,0,0,0,0,0,0,5,4,5,1,0,0,0,0,0,0,0,0,4,3,4,1,0,0,0,0,0,0,0,0,1,0,1,0,0,0,0,0,0,0,0,0,3,2,3,0,0,0,0,0,0,0,0,0,1,1,2,0,0,0,0,0,0,0,0,0,1,1,0,0,0,0,0,0,0,0,0,0,2,1,3,0,0,0,0,0,0,0,0,0,2,2,2,0,0,0,0,0,0,0,0,0,1,0,0,0,0,0,0,0,0,0,0,0,0,0,0,0,0,0,0,0,0,0,0,0,3,1,2,0,0,0,0,0,0,0,0,0,0,0,0,0,0,0,0,0,0,0,0,0,1,0,0,0,0,0,0,0,0,0,0,0,2,1,0,0,0,0,0,0,0,0,0,0,0,0,0,0,0,0,0,0,0,0,0,0,4,4,0,0,0,0,0,0,0,0,0,0,4,1,0,0,0,0,0,0,0,0,0,0,0,0,0,0,0,0,0,0
Lloyd Harris,0,0,0,0,0,0,0,0,0,0,0,0,0,0,0,0,5,5,4,0,0,0,0,0,0,0,0,0,5,4,4,0,0,0,0,0,0,0,0,0,0,0,0,0,0,0,0,0,0,0,0,0,4,3,4,1,0,0,0,0,0,0,0,0,1,1,0,0,0,0,0,0,0,0,0,0,0,0,0,0,0,0,0,0,0,0,0,0,3,2,3,2,0,0,0,0,0,0,0,0,2,1,1,0,0,0,0,0,0,0,0,0,0,0,0,0,0,0,0,0,0,0,0,0,0,0,0,0,0,0,0,0,0,0,0,0,2,1,3,1,0,0,0,0,0,0,0,0,1,1,0,0,0,0,0,0,0,0,0,0,0,0,0,0,0,0,0,0,0,0,0,0,2,1,1,1,0,0,0,0,0,0,0,0,0,0,0,0,0,0,0,0,0,0,0,0,1,1,6,4,0,0,0,0,0,0,0,0,1,1,2,2,0,0,0,0,0,0,0,0,0,0,4,1,0,0,0,0
Stefanos Tsitsipas,0,0,0,0,0,0,0,0,0,0,0,0,0,0,0,0,11,8,11,3,10,6,9,1,0,0,0,0,8,4,8,3,6,3,8,3,0,0,0,0,3,2,3,2,4,2,1,0,0,0,0,0,4,4,5,3,3,2,5,1,0,0,0,0,6,4,4,1,5,2,4,1,0,0,0,0,1,1,2,1,2,1,0,0,0,0,0,0,4,2,2,0,2,1,4,2,0,0,0,0,4,4,6,2,3,1,4,2,0,0,0,0,3,3,2,1,4,3,1,1,0,0,0,0,0,0,1,1,1,1,0,0,0,0,0,0,6,4,4,3,2,2,4,2,0,0,0,0,3,3,3,1,5,4,2,1,0,0,0,0,0,0,1,0,2,2,1,0,0,0,0,0,5,4,5,2,4,2,3,1,0,0,0,0,0,0,2,1,3,3,2,1,0,0,0,0,3,2,10,2,7,6,5,2,0,0,0,0,2,1,8,5,6,4,3,1,0,0,0,0,1,1,2,0,1,0,2,0
Thanasi Kokkinakis,0,0,0,0,0,0,0,0,0,0,0,0,0,0,0,0,5,3,5,1,0,0,0,0,0,0,0,0,3,2,4,2,0,0,0,0,0,0,0,0,2,1,1,0,0,0,0,0,0,0,0,0,2,0,2,0,0,0,0,0,0,0,0,0,2,1,3,2,0,0,0,0,0,0,0,0,1,1,0,0,0,0,0,0,0,0,0,0,0,0,2,1,0,0,0,0,0,0,0,0,3,1,1,0,0,0,0,0,0,0,0,0,2,1,2,0,0,0,0,0,0,0,0,0,0,0,0,0,0,0,0,0,0,0,0,0,1,1,2,1,0,0,0,0,0,0,0,0,3,2,2,0,0,0,0,0,0,0,0,0,1,1,0,0,0,0,0,0,0,0,0,0,2,0,3,0,0,0,0,0,0,0,0,0,2,1,0,0,0,0,0,0,0,0,0,0,10,8,0,0,0,0,0,0,0,0,0,0,8,3,0,0,0,0,0,0,0,0,0,0,2,2,0,0,0,0,0,0
Fabio Fognini,0,0,0,0,13,8,13,6,0,0,0,0,0,0,0,0,6,3,6,2,0,0,0,0,0,0,0,0,3,3,4,1,0,0,0,0,0,0,0,0,3,3,2,0,0,0,0,0,0,0,0,0,3,3,3,0,0,0,0,0,0,0,0,0,3,2,3,2,0,0,0,0,0,0,0,0,0,0,0,0,0,0,0,0,0,0,0,0,3,2,3,1,0,0,0,0,0,0,0,0,2,2,1,0,0,0,0,0,0,0,0,0,1,1,2,2,0,0,0,0,0,0,0,0,0,0,0,0,0,0,0,0,0,0,0,0,3,2,2,1,0,0,0,0,0,0,0,0,1,1,0,0,0,0,0,0,0,0,0,0,0,0,2,0,0,0,0,0,0,0,0,0,2,1,1,0,0,0,0,0,0,0,0,0,0,0,2,0,0,0,0,0,0,0,0,0,1,1,2,0,0,0,0,0,0,0,0,0,1,1,2,0,0,0,0,0,0,0,0,0,0,0,0,0,0,0,0,0
Salvatore Caruso,0,0,0,0,13,7,13,5,0,0,0,0,0,0,0,0,6,4,6,3,0,0,0,0,0,0,0,0,4,3,3,0,0,0,0,0,0,0,0,0,2,2,3,0,0,0,0,0,0,0,0,0,3,3,3,0,0,0,0,0,0,0,0,0,3,1,3,1,0,0,0,0,0,0,0,0,0,0,0,0,0,0,0,0,0,0,0,0,3,2,3,1,0,0,0,0,0,0,0,0,1,1,2,0,0,0,0,0,0,0,0,0,2,0,1,0,0,0,0,0,0,0,0,0,0,0,0,0,0,0,0,0,0,0,0,0,2,1,3,1,0,0,0,0,0,0,0,0,0,0,1,0,0,0,0,0,0,0,0,0,2,2,0,0,0,0,0,0,0,0,0,0,1,1,2,1,0,0,0,0,0,0,0,0,2,2,0,0,0,0,0,0,0,0,0,0,2,2,1,0,0,0,0,0,0,0,0,0,2,2,1,0,0,0,0,0,0,0,0,0,0,0,0,0,0,0,0,0
Novak Djokovic,0,0,0,0,0,0,0,0,0,0,0,0,0,0,0,0,4,4,4,1,7,5,7,2,0,0,0,0,4,3,3,0,5,3,5,4,0,0,0,0,0,0,1,1,2,2,2,1,0,0,0,0,3,1,3,1,3,2,1,1,0,0,0,0,1,1,0,0,4,4,5,4,0,0,0,0,0,0,1,0,0,0,1,0,0,0,0,0,1,1,2,1,2,2,0,0,0,0,0,0,3,3,1,1,5,4,2,2,0,0,0,0,0,0,1,0,0,0,5,3,0,0,0,0,0,0,0,0,0,0,0,0,0,0,0,0,3,2,1,0,4,3,0,0,0,0,0,0,0,0,2,1,1,1,4,1,0,0,0,0,0,0,0,0,0,0,3,2,0,0,0,0,1,0,1,1,2,1,3,2,0,0,0,0,0,0,1,1,0,0,2,0,0,0,0,0,1,1,3,2,1,1,6,1,0,0,0,0,1,1,1,1,1,1,5,2,0,0,0,0,0,0,2,1,0,0,1,1
Dominic Thiem,0,0,0,0,0,0,0,0,0,0,0,0,0,0,0,0,5,5,5,0,5,3,5,2,0,0,0,0,5,2,5,1,3,1,3,0,0,0,0,0,0,0,0,0,2,0,2,0,0,0,0,0,2,2,4,2,1,0,3,1,0,0,0,0,3,3,1,0,2,1,2,0,0,0,0,0,0,0,0,0,2,0,0,0,0,0,0,0,2,2,2,0,0,0,2,1,0,0,0,0,3,2,3,1,2,2,3,1,0,0,0,0,0,0,0,0,1,1,0,0,0,0,0,0,0,0,0,0,2,2,0,0,0,0,0,0,2,2,2,0,2,2,3,2,0,0,0,0,1,1,1,0,1,1,1,1,0,0,0,0,0,0,0,0,2,0,0,0,0,0,0,0,1,1,1,1,1,1,2,1,0,0,0,0,0,0,0,0,0,0,1,0,0,0,0,0,0,0,2,2,0,0,3,2,0,0,0,0,0,0,0,0,0,0,1,0,0,0,0,0,0,0,2,1,0,0,2,1
Filip Krajinovic,0,0,0,0,0,0,0,0,0,0,0,0,0,0,0,0,3,1,3,3,0,0,0,0,0,0,0,0,1,1,0,0,0,0,0,0,0,0,0,0,2,1,3,0,0,0,0,0,0,0,0,0,1,0,0,0,0,0,0,0,0,0,0,0,1,0,3,1,0,0,0,0,0,0,0,0,1,0,0,0,0,0,0,0,0,0,0,0,0,0,0,0,0,0,0,0,0,0,0,0,1,0,2,0,0,0,0,0,0,0,0,0,1,1,1,0,0,0,0,0,0,0,0,0,1,1,0,0,0,0,0,0,0,0,0,0,0,0,2,0,0,0,0,0,0,0,0,0,2,1,1,0,0,0,0,0,0,0,0,0,1,0,0,0,0,0,0,0,0,0,0,0,1,0,1,0,0,0,0,0,0,0,0,0,1,0,0,0,0,0,0,0,0,0,0,0,3,1,0,0,0,0,0,0,0,0,0,0,1,0,0,0,0,0,0,0,0,0,0,0,2,1,0,0,0,0,0,0
Daniil Medvedev,0,0,0,0,0,0,0,0,0,0,0,0,0,0,0,0,3,0,3,2,0,0,0,0,0,0,0,0,0,0,1,0,0,0,0,0,0,0,0,0,3,3,2,1,0,0,0,0,0,0,0,0,0,0,1,1,0,0,0,0,0,0,0,0,3,2,1,1,0,0,0,0,0,0,0,0,0,0,1,1,0,0,0,0,0,0,0,0,0,0,0,0,0,0,0,0,0,0,0,0,2,2,1,1,0,0,0,0,0,0,0,0,1,1,1,0,0,0,0,0,0,0,0,0,0,0,1,0,0,0,0,0,0,0,0,0,2,2,0,0,0,0,0,0,0,0,0,0,1,1,2,1,0,0,0,0,0,0,0,0,0,0,1,1,0,0,0,0,0,0,0,0,1,1,1,1,0,0,0,0,0,0,0,0,0,0,1,1,0,0,0,0,0,0,0,0,0,0,3,2,0,0,0,0,0,0,0,0,0,0,1,1,0,0,0,0,0,0,0,0,0,0,2,1,0,0,0,0
Felix Auger-Aliassime,0,0,0,0,0,0,0,0,0,0,0,0,0,0,0,0,5,1,5,1,0,0,0,0,0,0,0,0,1,1,4,1,0,0,0,0,0,0,0,0,4,2,1,0,0,0,0,0,0,0,0,0,1,0,3,1,0,0,0,0,0,0,0,0,2,2,2,1,0,0,0,0,0,0,0,0,2,1,0,0,0,0,0,0,0,0,0,0,0,0,2,0,0,0,0,0,0,0,0,0,3,2,2,1,0,0,0,0,0,0,0,0,1,1,1,0,0,0,0,0,0,0,0,0,1,0,0,0,0,0,0,0,0,0,0,0,2,1,1,1,0,0,0,0,0,0,0,0,2,2,2,0,0,0,0,0,0,0,0,0,0,0,0,0,0,0,0,0,0,0,0,0,3,2,3,0,0,0,0,0,0,0,0,0,0,0,0,0,0,0,0,0,0,0,0,0,6,2,0,0,0,0,0,0,0,0,0,0,2,1,0,0,0,0,0,0,0,0,0,0,4,4,0,0,0,0,0,0
Aslan Karatsev,0,0,0,0,0,0,0,0,0,0,0,0,0,0,0,0,5,4,5,4,0,0,0,0,0,0,0,0,4,3,1,0,0,0,0,0,0,0,0,0,1,1,4,2,0,0,0,0,0,0,0,0,3,2,1,1,0,0,0,0,0,0,0,0,2,1,2,0,0,0,0,0,0,0,0,0,0,0,2,1,0,0,0,0,0,0,0,0,2,2,0,0,0,0,0,0,0,0,0,0,2,1,3,1,0,0,0,0,0,0,0,0,1,1,1,0,0,0,0,0,0,0,0,0,0,0,1,1,0,0,0,0,0,0,0,0,1,0,2,1,0,0,0,0,0,0,0,0,2,2,2,0,0,0,0,0,0,0,0,0,0,0,0,0,0,0,0,0,0,0,0,0,3,3,3,1,0,0,0,0,0,0,0,0,0,0,0,0,0,0,0,0,0,0,0,0,0,0,6,4,0,0,0,0,0,0,0,0,0,0,2,1,0,0,0,0,0,0,0,0,0,0,4,0,0,0,0,0
Rafael Nadal,0,0,0,0,0,0,0,0,0,0,0,0,0,0,0,0,6,5,6,2,0,0,0,0,0,0,0,0,5,3,4,2,0,0,0,0,0,0,0,0,1,0,2,1,0,0,0,0,0,0,0,0,3,2,2,0,0,0,0,0,0,0,0,0,2,2,3,0,0,0,0,0,0,0,0,0,1,0,1,0,0,0,0,0,0,0,0,0,2,2,2,1,0,0,0,0,0,0,0,0,3,3,3,0,0,0,0,0,0,0,0,0,0,0,1,0,0,0,0,0,0,0,0,0,1,0,0,0,0,0,0,0,0,0,0,0,3,0,4,1,0,0,0,0,0,0,0,0,0,0,1,0,0,0,0,0,0,0,0,0,0,0,0,0,0,0,0,0,0,0,0,0,3,3,2,1,0,0,0,0,0,0,0,0,0,0,0,0,0,0,0,0,0,0,0,0,0,0,3,1,0,0,0,0,0,0,0,0,0,0,2,1,0,0,0,0,0,0,0,0,0,0,1,0,0,0,0,0
Pierre Hugues Herbert,0,0,0,0,0,0,0,0,0,0,0,0,0,0,0,0,0,0,0,0,4,3,5,3,0,0,0,0,0,0,0,0,3,2,2,0,0,0,0,0,0,0,0,0,2,2,3,0,0,0,0,0,0,0,0,0,2,2,2,0,0,0,0,0,0,0,0,0,3,1,3,1,0,0,0,0,0,0,0,0,0,0,0,0,0,0,0,0,0,0,0,0,2,2,2,1,0,0,0,0,0,0,0,0,1,1,2,0,0,0,0,0,0,0,0,0,2,1,1,0,0,0,0,0,0,0,0,0,0,0,0,0,0,0,0,0,0,0,0,0,1,0,3,0,0,0,0,0,0,0,0,0,1,1,1,0,0,0,0,0,0,0,0,0,1,0,0,0,0,0,0,0,0,0,0,0,2,1,1,0,0,0,0,0,0,0,0,0,0,0,0,0,0,0,0,0,0,0,0,0,2,1,0,0,0,0,0,0,0,0,0,0,1,1,0,0,0,0,0,0,0,0,0,0,1,1,0,0
Roberto Carballes Baena,0,0,0,0,0,0,0,0,0,0,0,0,0,0,0,0,0,0,0,0,4,1,4,0,0,0,0,0,0,0,0,0,1,0,4,0,0,0,0,0,0,0,0,0,3,1,0,0,0,0,0,0,0,0,0,0,0,0,4,1,0,0,0,0,0,0,0,0,2,1,0,0,0,0,0,0,0,0,0,0,2,0,0,0,0,0,0,0,0,0,0,0,0,0,3,0,0,0,0,0,0,0,0,0,1,1,1,0,0,0,0,0,0,0,0,0,1,1,0,0,0,0,0,0,0,0,0,0,2,0,0,0,0,0,0,0,0,0,0,0,1,1,1,0,0,0,0,0,0,0,0,0,1,1,0,0,0,0,0,0,0,0,0,0,0,0,0,0,0,0,0,0,0,0,0,0,1,1,0,0,0,0,0,0,0,0,0,0,0,0,0,0,0,0,0,0,0,0,0,0,0,0,0,0,0,0,0,0,0,0,0,0,0,0,0,0,0,0,0,0,0,0,0,0,0,0,0,0
Jan Lennard Struff,0,0,0,0,0,0,0,0,0,0,0,0,0,0,0,0,0,0,0,0,5,3,5,1,0,0,0,0,0,0,0,0,3,1,4,1,0,0,0,0,0,0,0,0,2,2,1,0,0,0,0,0,0,0,0,0,1,1,3,2,0,0,0,0,0,0,0,0,4,3,2,1,0,0,0,0,0,0,0,0,0,0,0,0,0,0,0,0,0,0,0,0,1,0,1,0,0,0,0,0,0,0,0,0,3,2,3,2,0,0,0,0,0,0,0,0,1,0,1,1,0,0,0,0,0,0,0,0,0,0,0,0,0,0,0,0,0,0,0,0,3,2,1,0,0,0,0,0,0,0,0,0,1,1,2,0,0,0,0,0,0,0,0,0,1,1,1,0,0,0,0,0,0,0,0,0,2,1,2,0,0,0,0,0,0,0,0,0,1,1,1,0,0,0,0,0,0,0,0,0,2,2,1,1,0,0,0,0,0,0,0,0,2,2,0,0,0,0,0,0,0,0,0,0,0,0,1,1
Andrey Rublev,0,0,0,0,0,0,0,0,0,0,0,0,0,0,0,0,0,0,0,0,5,4,5,2,0,0,0,0,0,0,0,0,4,3,3,2,0,0,0,0,0,0,0,0,1,1,2,0,0,0,0,0,0,0,0,0,3,1,1,0,0,0,0,0,0,0,0,0,2,1,4,1,0,0,0,0,0,0,0,0,0,0,0,0,0,0,0,0,0,0,0,0,1,1,1,1,0,0,0,0,0,0,0,0,3,1,3,1,0,0,0,0,0,0,0,0,1,0,1,1,0,0,0,0,0,0,0,0,0,0,0,0,0,0,0,0,0,0,0,0,1,1,3,1,0,0,0,0,0,0,0,0,2,2,1,0,0,0,0,0,0,0,0,0,1,1,1,0,0,0,0,0,0,0,0,0,2,2,2,1,0,0,0,0,0,0,0,0,1,1,1,0,0,0,0,0,0,0,0,0,1,0,2,0,0,0,0,0,0,0,0,0,0,0,2,0,0,0,0,0,0,0,0,0,1,0,0,0
Alexander Zverev,0,0,0,0,0,0,0,0,0,0,0,0,0,0,0,0,0,0,0,0,7,7,7,4,0,0,0,0,0,0,0,0,7,4,3,1,0,0,0,0,0,0,0,0,0,0,5,2,0,0,0,0,0,0,0,0,4,3,2,0,0,0,0,0,0,0,0,0,3,2,4,1,0,0,0,0,0,0,0,0,0,0,2,2,0,0,0,0,0,0,0,0,3,0,2,1,0,0,0,0,0,0,0,0,3,1,3,2,0,0,0,0,0,0,0,0,1,0,1,0,0,0,0,0,0,0,0,0,0,0,2,1,0,0,0,0,0,0,0,0,4,2,2,0,0,0,0,0,0,0,0,0,2,1,3,2,0,0,0,0,0,0,0,0,1,1,1,0,0,0,0,0,0,0,0,0,3,3,1,0,0,0,0,0,0,0,0,0,2,1,3,2,0,0,0,0,0,0,0,0,4,2,1,0,0,0,0,0,0,0,0,0,2,1,1,0,0,0,0,0,0,0,0,0,2,2,0,0
Oscar Otte,0,0,0,0,0,0,0,0,0,0,0,0,0,0,0,0,0,0,0,0,2,1,3,0,0,0,0,0,0,0,0,0,1,0,3,1,0,0,0,0,0,0,0,0,2,1,0,0,0,0,0,0,0,0,0,0,0,0,2,1,0,0,0,0,0,0,0,0,2,2,1,0,0,0,0,0,0,0,0,0,1,0,0,0,0,0,0,0,0,0,0,0,0,0,1,1,0,0,0,0,0,0,0,0,2,0,2,1,0,0,0,0,0,0,0,0,0,0,0,0,0,0,0,0,0,0,0,0,1,0,0,0,0,0,0,0,0,0,0,0,0,0,2,1,0,0,0,0,0,0,0,0,2,0,1,0,0,0,0,0,0,0,0,0,0,0,0,0,0,0,0,0,0,0,0,0,0,0,2,0,0,0,0,0,0,0,0,0,2,0,0,0,0,0,0,0,0,0,0,0,0,0,0,0,0,0,0,0,0,0,0,0,0,0,0,0,0,0,0,0,0,0,0,0,0,0,0,0
Kei Nishikori,0,0,0,0,0,0,0,0,0,0,0,0,0,0,0,0,0,0,0,0,10,7,10,3,0,0,0,0,0,0,0,0,7,5,7,2,0,0,0,0,0,0,0,0,3,2,3,2,0,0,0,0,0,0,0,0,5,4,5,3,0,0,0,0,0,0,0,0,4,2,3,3,0,0,0,0,0,0,0,0,1,1,2,1,0,0,0,0,0,0,0,0,4,3,2,0,0,0,0,0,0,0,0,0,3,3,3,1,0,0,0,0,0,0,0,0,3,2,4,1,0,0,0,0,0,0,0,0,0,0,1,1,0,0,0,0,0,0,0,0,4,3,2,2,0,0,0,0,0,0,0,0,2,2,4,2,0,0,0,0,0,0,0,0,1,1,1,0,0,0,0,0,0,0,0,0,3,1,4,1,0,0,0,0,0,0,0,0,1,1,3,1,0,0,0,0,0,0,0,0,4,2,8,3,0,0,0,0,0,0,0,0,2,2,5,3,0,0,0,0,0,0,0,0,2,1,3,1
Alessandro Giannessi,0,0,0,0,0,0,0,0,0,0,0,0,0,0,0,0,0,0,0,0,5,4,5,1,0,0,0,0,0,0,0,0,4,3,4,1,0,0,0,0,0,0,0,0,1,0,1,0,0,0,0,0,0,0,0,0,3,2,3,0,0,0,0,0,0,0,0,0,1,0,2,1,0,0,0,0,0,0,0,0,1,1,0,0,0,0,0,0,0,0,0,0,2,2,3,1,0,0,0,0,0,0,0,0,1,0,1,0,0,0,0,0,0,0,0,0,2,1,1,1,0,0,0,0,0,0,0,0,0,0,0,0,0,0,0,0,0,0,0,0,0,0,2,1,0,0,0,0,0,0,0,0,2,1,0,0,0,0,0,0,0,0,0,0,1,1,1,0,0,0,0,0,0,0,0,0,1,1,1,1,0,0,0,0,0,0,0,0,2,1,1,0,0,0,0,0,0,0,0,0,2,1,3,2,0,0,0,0,0,0,0,0,1,0,1,0,0,0,0,0,0,0,0,0,1,0,2,1
Botic Van De Zandschulp,0,0,0,0,0,0,0,0,0,0,0,0,0,0,0,0,0,0,0,0,10,6,10,0,0,0,0,0,0,0,0,0,6,5,10,5,0,0,0,0,0,0,0,0,4,4,0,0,0,0,0,0,0,0,0,0,5,4,5,3,0,0,0,0,0,0,0,0,5,2,5,3,0,0,0,0,0,0,0,0,0,0,0,0,0,0,0,0,0,0,0,0,4,3,2,1,0,0,0,0,0,0,0,0,3,0,5,0,0,0,0,0,0,0,0,0,3,3,3,0,0,0,0,0,0,0,0,0,0,0,0,0,0,0,0,0,0,0,0,0,1,1,6,1,0,0,0,0,0,0,0,0,6,4,3,1,0,0,0,0,0,0,0,0,0,0,0,0,0,0,0,0,0,0,0,0,4,3,3,3,0,0,0,0,0,0,0,0,2,2,1,0,0,0,0,0,0,0,0,0,7,3,8,4,0,0,0,0,0,0,0,0,3,2,4,1,0,0,0,0,0,0,0,0,4,3,4,1
Pablo Andujar,0,0,0,0,0,0,0,0,0,0,0,0,0,0,0,0,0,0,0,0,9,6,9,3,0,0,0,0,0,0,0,0,6,3,6,3,0,0,0,0,0,0,0,0,3,3,3,2,0,0,0,0,0,0,0,0,3,2,3,2,0,0,0,0,0,0,0,0,6,5,4,1,0,0,0,0,0,0,0,0,0,0,2,2,0,0,0,0,0,0,0,0,2,1,1,1,0,0,0,0,0,0,0,0,6,2,5,2,0,0,0,0,0,0,0,0,1,0,1,0,0,0,0,0,0,0,0,0,0,0,2,0,0,0,0,0,0,0,0,0,3,1,4,1,0,0,0,0,0,0,0,0,4,0,3,0,0,0,0,0,0,0,0,0,1,0,2,2,0,0,0,0,0,0,0,0,2,1,4,1,0,0,0,0,0,0,0,0,4,2,0,0,0,0,0,0,0,0,0,0,7,5,1,1,0,0,0,0,0,0,0,0,5,2,0,0,0,0,0,0,0,0,0,0,2,1,1,1
Steve Johnson,0,0,0,0,0,0,0,0,0,0,0,0,0,0,0,0,0,0,0,0,9,7,7,5,0,0,0,0,0,0,0,0,7,6,2,1,0,0,0,0,0,0,0,0,2,1,5,2,0,0,0,0,0,0,0,0,6,5,1,0,0,0,0,0,0,0,0,0,2,1,4,4,0,0,0,0,0,0,0,0,1,1,2,0,0,0,0,0,0,0,0,0,5,2,1,1,0,0,0,0,0,0,0,0,2,2,0,0,0,0,0,0,0,0,0,0,2,1,6,2,0,0,0,0,0,0,0,0,0,0,0,0,0,0,0,0,0,0,0,0,5,1,1,0,0,0,0,0,0,0,0,0,1,0,4,2,0,0,0,0,0,0,0,0,1,1,2,1,0,0,0,0,0,0,0,0,4,3,2,1,0,0,0,0,0,0,0,0,2,2,3,2,0,0,0,0,0,0,0,0,6,5,4,2,0,0,0,0,0,0,0,0,5,2,2,1,0,0,0,0,0,0,0,0,1,0,2,1
Frances Tiafoe,0,0,0,0,0,0,0,0,0,0,0,0,0,0,0,0,0,0,0,0,3,2,4,0,0,0,0,0,0,0,0,0,2,1,4,0,0,0,0,0,0,0,0,0,1,1,0,0,0,0,0,0,0,0,0,0,1,1,4,0,0,0,0,0,0,0,0,0,2,0,0,0,0,0,0,0,0,0,0,0,0,0,0,0,0,0,0,0,0,0,0,0,1,0,4,3,0,0,0,0,0,0,0,0,0,0,0,0,0,0,0,0,0,0,0,0,2,2,0,0,0,0,0,0,0,0,0,0,0,0,0,0,0,0,0,0,0,0,0,0,1,1,3,2,0,0,0,0,0,0,0,0,2,1,0,0,0,0,0,0,0,0,0,0,0,0,0,0,0,0,0,0,0,0,0,0,1,0,2,1,0,0,0,0,0,0,0,0,1,0,0,0,0,0,0,0,0,0,0,0,2,0,2,0,0,0,0,0,0,0,0,0,0,0,2,1,0,0,0,0,0,0,0,0,2,1,0,0
Tommy Paul,0,0,0,0,0,0,0,0,0,0,0,0,0,0,0,0,0,0,0,0,9,7,9,2,0,0,0,0,0,0,0,0,7,6,7,1,0,0,0,0,0,0,0,0,2,2,2,0,0,0,0,0,0,0,0,0,6,2,6,2,0,0,0,0,0,0,0,0,3,1,3,2,0,0,0,0,0,0,0,0,0,0,0,0,0,0,0,0,0,0,0,0,2,2,4,1,0,0,0,0,0,0,0,0,5,3,3,0,0,0,0,0,0,0,0,0,2,2,2,2,0,0,0,0,0,0,0,0,0,0,0,0,0,0,0,0,0,0,0,0,3,3,4,1,0,0,0,0,0,0,0,0,4,4,0,0,0,0,0,0,0,0,0,0,0,0,2,1,0,0,0,0,0,0,0,0,4,3,1,0,0,0,0,0,0,0,0,0,0,0,1,0,0,0,0,0,0,0,0,0,3,2,1,0,0,0,0,0,0,0,0,0,2,1,1,0,0,0,0,0,0,0,0,0,1,1,0,0
Christopher O'Connell,0,0,0,0,0,0,0,0,0,0,0,0,0,0,0,0,0,0,0,0,9,7,9,2,0,0,0,0,0,0,0,0,7,6,7,1,0,0,0,0,0,0,0,0,2,2,2,0,0,0,0,0,0,0,0,0,6,4,6,4,0,0,0,0,0,0,0,0,3,1,3,2,0,0,0,0,0,0,0,0,0,0,0,0,0,0,0,0,0,0,0,0,4,3,2,0,0,0,0,0,0,0,0,0,3,3,5,2,0,0,0,0,0,0,0,0,2,0,2,0,0,0,0,0,0,0,0,0,0,0,0,0,0,0,0,0,0,0,0,0,4,3,3,0,0,0,0,0,0,0,0,0,0,0,4,0,0,0,0,0,0,0,0,0,2,1,0,0,0,0,0,0,0,0,0,0,1,1,4,1,0,0,0,0,0,0,0,0,1,1,0,0,0,0,0,0,0,0,0,0,1,1,3,1,0,0,0,0,0,0,0,0,1,1,2,1,0,0,0,0,0,0,0,0,0,0,1,0
Laslo Djere,0,0,0,0,0,0,0,0,0,0,0,0,0,0,0,0,0,0,0,0,4,4,5,2,0,0,0,0,0,0,0,0,4,4,3,2,0,0,0,0,0,0,0,0,0,0,2,2,0,0,0,0,0,0,0,0,4,2,1,0,0,0,0,0,0,0,0,0,0,0,2,0,0,0,0,0,0,0,0,0,0,0,2,0,0,0,0,0,0,0,0,0,2,2,1,0,0,0,0,0,0,0,0,0,2,1,2,1,0,0,0,0,0,0,0,0,0,0,2,2,0,0,0,0,0,0,0,0,0,0,0,0,0,0,0,0,0,0,0,0,1,1,1,0,0,0,0,0,0,0,0,0,1,0,1,1,0,0,0,0,0,0,0,0,0,0,2,1,0,0,0,0,0,0,0,0,0,0,0,0,0,0,0,0,0,0,0,0,1,1,2,2,0,0,0,0,0,0,0,0,1,0,0,0,0,0,0,0,0,0,0,0,0,0,0,0,0,0,0,0,0,0,0,0,1,0,0,0
Miomir Kecmanovic,0,0,0,0,0,0,0,0,0,0,0,0,0,0,0,0,0,0,0,0,5,3,4,0,0,0,0,0,0,0,0,0,3,1,4,0,0,0,0,0,0,0,0,0,2,0,0,0,0,0,0,0,0,0,0,0,1,1,4,2,0,0,0,0,0,0,0,0,2,2,0,0,0,0,0,0,0,0,0,0,2,2,0,0,0,0,0,0,0,0,0,0,1,1,2,0,0,0,0,0,0,0,0,0,2,1,2,1,0,0,0,0,0,0,0,0,2,0,0,0,0,0,0,0,0,0,0,0,0,0,0,0,0,0,0,0,0,0,0,0,1,1,1,0,0,0,0,0,0,0,0,0,1,0,1,1,0,0,0,0,0,0,0,0,2,1,0,0,0,0,0,0,0,0,0,0,0,0,0,0,0,0,0,0,0,0,0,0,2,0,1,0,0,0,0,0,0,0,0,0,0,0,1,1,0,0,0,0,0,0,0,0,0,0,0,0,0,0,0,0,0,0,0,0,0,0,1,1
Karen Khachanov,0,0,0,0,0,0,0,0,0,0,0,0,0,0,0,0,0,0,0,0,5,3,5,2,0,0,0,0,0,0,0,0,3,2,3,1,0,0,0,0,0,0,0,0,2,1,2,1,0,0,0,0,0,0,0,0,2,0,2,1,0,0,0,0,0,0,0,0,2,0,2,1,0,0,0,0,0,0,0,0,1,0,1,0,0,0,0,0,0,0,0,0,0,0,1,0,0,0,0,0,0,0,0,0,2,2,2,0,0,0,0,0,0,0,0,0,2,2,2,0,0,0,0,0,0,0,0,0,1,0,0,0,0,0,0,0,0,0,0,0,2,0,2,0,0,0,0,0,0,0,0,0,2,1,2,0,0,0,0,0,0,0,0,0,0,0,0,0,0,0,0,0,0,0,0,0,3,2,2,1,0,0,0,0,0,0,0,0,1,1,0,0,0,0,0,0,0,0,0,0,6,4,1,0,0,0,0,0,0,0,0,0,4,2,1,0,0,0,0,0,0,0,0,0,2,2,0,0
Alejandro Davidovich Fokina,0,0,0,0,0,0,0,0,0,0,0,0,0,0,0,0,0,0,0,0,11,7,11,4,0,0,0,0,0,0,0,0,7,3,7,3,0,0,0,0,0,0,0,0,4,3,4,0,0,0,0,0,0,0,0,0,3,1,4,2,0,0,0,0,0,0,0,0,7,4,7,5,0,0,0,0,0,0,0,0,1,1,0,0,0,0,0,0,0,0,0,0,1,0,2,1,0,0,0,0,0,0,0,0,6,6,4,3,0,0,0,0,0,0,0,0,4,4,5,1,0,0,0,0,0,0,0,0,0,0,0,0,0,0,0,0,0,0,0,0,7,6,2,1,0,0,0,0,0,0,0,0,4,2,7,1,0,0,0,0,0,0,0,0,0,0,1,0,0,0,0,0,0,0,0,0,3,2,7,1,0,0,0,0,0,0,0,0,2,2,2,0,0,0,0,0,0,0,0,0,11,7,9,6,0,0,0,0,0,0,0,0,7,3,3,2,0,0,0,0,0,0,0,0,4,4,6,2
Federico Delbonis,0,0,0,0,0,0,0,0,0,0,0,0,0,0,0,0,0,0,0,0,4,3,4,1,0,0,0,0,0,0,0,0,3,2,3,3,0,0,0,0,0,0,0,0,1,1,1,0,0,0,0,0,0,0,0,0,2,1,0,0,0,0,0,0,0,0,0,0,2,2,4,1,0,0,0,0,0,0,0,0,0,0,0,0,0,0,0,0,0,0,0,0,1,0,0,0,0,0,0,0,0,0,0,0,3,1,3,3,0,0,0,0,0,0,0,0,0,0,1,1,0,0,0,0,0,0,0,0,0,0,0,0,0,0,0,0,0,0,0,0,2,1,0,0,0,0,0,0,0,0,0,0,2,2,3,3,0,0,0,0,0,0,0,0,0,0,1,1,0,0,0,0,0,0,0,0,3,2,0,0,0,0,0,0,0,0,0,0,0,0,3,2,0,0,0,0,0,0,0,0,1,0,4,0,0,0,0,0,0,0,0,0,0,0,4,3,0,0,0,0,0,0,0,0,1,0,0,0
Thiago Monteiro,0,0,0,0,0,0,0,0,0,0,0,0,0,0,0,0,0,0,0,0,4,0,5,2,0,0,0,0,0,0,0,0,0,0,3,1,0,0,0,0,0,0,0,0,4,2,2,1,0,0,0,0,0,0,0,0,0,0,2,1,0,0,0,0,0,0,0,0,2,0,2,1,0,0,0,0,0,0,0,0,2,2,1,0,0,0,0,0,0,0,0,0,0,0,1,0,0,0,0,0,0,0,0,0,0,0,2,0,0,0,0,0,0,0,0,0,4,2,2,1,0,0,0,0,0,0,0,0,0,0,0,0,0,0,0,0,0,0,0,0,0,0,2,2,0,0,0,0,0,0,0,0,2,1,1,1,0,0,0,0,0,0,0,0,2,1,1,0,0,0,0,0,0,0,0,0,1,1,2,0,0,0,0,0,0,0,0,0,2,1,2,0,0,0,0,0,0,0,0,0,2,2,4,1,0,0,0,0,0,0,0,0,2,1,3,2,0,0,0,0,0,0,0,0,0,0,1,1
Mackenzie Mcdonald,0,0,0,0,0,0,0,0,0,0,0,0,0,0,0,0,0,0,0,0,7,2,7,3,0,0,0,0,0,0,0,0,2,2,4,0,0,0,0,0,0,0,0,0,5,3,3,2,0,0,0,0,0,0,0,0,2,2,4,0,0,0,0,0,0,0,0,0,3,2,1,0,0,0,0,0,0,0,0,0,2,2,2,0,0,0,0,0,0,0,0,0,2,1,4,0,0,0,0,0,0,0,0,0,2,2,1,0,0,0,0,0,0,0,0,0,3,3,2,2,0,0,0,0,0,0,0,0,0,0,0,0,0,0,0,0,0,0,0,0,3,1,1,1,0,0,0,0,0,0,0,0,3,2,0,0,0,0,0,0,0,0,0,0,0,0,2,0,0,0,0,0,0,0,0,0,4,2,1,1,0,0,0,0,0,0,0,0,1,0,2,0,0,0,0,0,0,0,0,0,3,2,4,1,0,0,0,0,0,0,0,0,2,2,3,0,0,0,0,0,0,0,0,0,1,1,1,0
Cristian Garin,0,0,0,0,0,0,0,0,0,0,0,0,0,0,0,0,0,0,0,0,7,4,7,5,0,0,0,0,0,0,0,0,4,4,2,0,0,0,0,0,0,0,0,0,3,1,5,2,0,0,0,0,0,0,0,0,4,4,2,0,0,0,0,0,0,0,0,0,1,1,3,1,0,0,0,0,0,0,0,0,2,2,2,0,0,0,0,0,0,0,0,0,4,4,2,1,0,0,0,0,0,0,0,0,1,1,2,0,0,0,0,0,0,0,0,0,2,0,3,0,0,0,0,0,0,0,0,0,0,0,0,0,0,0,0,0,0,0,0,0,1,0,3,2,0,0,0,0,0,0,0,0,0,0,3,1,0,0,0,0,0,0,0,0,2,2,0,0,0,0,0,0,0,0,0,0,1,0,4,2,0,0,0,0,0,0,0,0,2,2,1,1,0,0,0,0,0,0,0,0,4,3,3,1,0,0,0,0,0,0,0,0,3,3,2,0,0,0,0,0,0,0,0,0,1,1,1,0
Marco Cecchinato,0,0,0,0,0,0,0,0,0,0,0,0,0,0,0,0,0,0,0,0,4,2,5,2,0,0,0,0,0,0,0,0,2,1,3,1,0,0,0,0,0,0,0,0,2,1,2,1,0,0,0,0,0,0,0,0,1,1,2,1,0,0,0,0,0,0,0,0,2,1,2,2,0,0,0,0,0,0,0,0,1,0,1,0,0,0,0,0,0,0,0,0,1,1,1,1,0,0,0,0,0,0,0,0,1,0,1,0,0,0,0,0,0,0,0,0,1,0,3,2,0,0,0,0,0,0,0,0,1,1,0,0,0,0,0,0,0,0,0,0,0,0,2,0,0,0,0,0,0,0,0,0,1,0,1,0,0,0,0,0,0,0,0,0,2,2,2,1,0,0,0,0,0,0,0,0,0,0,1,0,0,0,0,0,0,0,0,0,3,2,1,0,0,0,0,0,0,0,0,0,4,3,1,0,0,0,0,0,0,0,0,0,3,1,1,0,0,0,0,0,0,0,0,0,1,0,0,0
Lorenzo Musetti,0,0,0,0,0,0,0,0,0,0,0,0,0,0,0,0,0,0,0,0,7,4,6,3,0,0,0,0,0,0,0,0,4,2,3,2,0,0,0,0,0,0,0,0,3,2,3,1,0,0,0,0,0,0,0,0,2,1,1,0,0,0,0,0,0,0,0,0,4,0,4,1,0,0,0,0,0,0,0,0,1,1,1,1,0,0,0,0,0,0,0,0,1,0,1,0,0,0,0,0,0,0,0,0,1,1,3,1,0,0,0,0,0,0,0,0,5,1,1,1,0,0,0,0,0,0,0,0,0,0,1,0,0,0,0,0,0,0,0,0,2,2,2,0,0,0,0,0,0,0,0,0,1,1,1,1,0,0,0,0,0,0,0,0,4,1,2,0,0,0,0,0,0,0,0,0,1,1,0,0,0,0,0,0,0,0,0,0,1,1,3,1,0,0,0,0,0,0,0,0,1,1,4,1,0,0,0,0,0,0,0,0,1,1,3,2,0,0,0,0,0,0,0,0,0,0,1,1
Casper Ruud,0,0,0,0,0,0,0,0,0,0,0,0,0,0,0,0,0,0,0,0,6,5,6,4,0,0,0,0,0,0,0,0,5,3,2,1,0,0,0,0,0,0,0,0,1,1,4,1,0,0,0,0,0,0,0,0,3,1,1,1,0,0,0,0,0,0,0,0,3,1,4,1,0,0,0,0,0,0,0,0,0,0,1,0,0,0,0,0,0,0,0,0,1,0,0,0,0,0,0,0,0,0,0,0,3,1,4,0,0,0,0,0,0,0,0,0,2,1,2,0,0,0,0,0,0,0,0,0,0,0,0,0,0,0,0,0,0,0,0,0,2,1,4,1,0,0,0,0,0,0,0,0,3,3,2,1,0,0,0,0,0,0,0,0,1,1,0,0,0,0,0,0,0,0,0,0,4,4,2,0,0,0,0,0,0,0,0,0,1,1,1,0,0,0,0,0,0,0,0,0,3,1,8,3,0,0,0,0,0,0,0,0,1,0,5,4,0,0,0,0,0,0,0,0,2,1,3,0
